code,id,market,flag
689009,1,SH,False
688981,1,SH,False
688819,1,SH,False
688800,1,SH,False
688799,1,SH,False
688798,1,SH,False
688793,1,SH,False
688789,1,SH,False
688788,1,SH,False
688787,1,SH,False
688786,1,SH,False
688779,1,SH,False
688778,1,SH,False
688777,1,SH,False
688776,1,SH,False
688775,1,SH,False
688772,1,SH,False
688768,1,SH,False
688767,1,SH,False
688766,1,SH,False
688758,1,SH,False
688757,1,SH,False
688755,1,SH,False
688750,1,SH,False
688739,1,SH,False
688737,1,SH,False
688733,1,SH,False
688729,1,SH,False
688728,1,SH,False
688726,1,SH,False
688722,1,SH,False
688721,1,SH,False
688720,1,SH,False
688719,1,SH,False
688718,1,SH,False
688717,1,SH,False
688716,1,SH,False
688711,1,SH,False
688710,1,SH,False
688709,1,SH,False
688708,1,SH,False
688707,1,SH,False
688702,1,SH,False
688701,1,SH,False
688700,1,SH,False
688699,1,SH,False
688698,1,SH,False
688697,1,SH,False
688696,1,SH,False
688695,1,SH,False
688693,1,SH,False
688692,1,SH,False
688691,1,SH,False
688690,1,SH,False
688689,1,SH,False
688687,1,SH,False
688686,1,SH,False
688685,1,SH,False
688683,1,SH,False
688682,1,SH,False
688681,1,SH,False
688680,1,SH,False
688679,1,SH,False
688678,1,SH,False
688677,1,SH,False
688676,1,SH,False
688671,1,SH,False
688670,1,SH,False
688669,1,SH,False
688668,1,SH,False
688667,1,SH,False
688665,1,SH,False
688663,1,SH,False
688662,1,SH,False
688661,1,SH,False
688660,1,SH,False
688659,1,SH,False
688658,1,SH,False
688657,1,SH,False
688656,1,SH,False
688655,1,SH,False
688653,1,SH,False
688652,1,SH,False
688651,1,SH,False
688648,1,SH,False
688646,1,SH,False
688639,1,SH,False
688638,1,SH,False
688636,1,SH,False
688633,1,SH,False
688631,1,SH,False
688630,1,SH,False
688629,1,SH,False
688628,1,SH,False
688627,1,SH,False
688626,1,SH,False
688625,1,SH,False
688623,1,SH,False
688622,1,SH,False
688621,1,SH,False
688620,1,SH,False
688619,1,SH,False
688618,1,SH,False
688617,1,SH,False
688616,1,SH,False
688615,1,SH,False
688613,1,SH,False
688612,1,SH,False
688611,1,SH,False
688610,1,SH,False
688609,1,SH,False
688608,1,SH,False
688607,1,SH,False
688606,1,SH,False
688605,1,SH,False
688603,1,SH,False
688602,1,SH,False
688601,1,SH,False
688600,1,SH,False
688599,1,SH,False
688598,1,SH,False
688597,1,SH,False
688596,1,SH,False
688595,1,SH,False
688593,1,SH,False
688592,1,SH,False
688591,1,SH,False
688590,1,SH,False
688589,1,SH,False
688588,1,SH,False
688586,1,SH,False
688585,1,SH,False
688584,1,SH,False
688583,1,SH,False
688582,1,SH,False
688581,1,SH,False
688580,1,SH,False
688579,1,SH,False
688578,1,SH,False
688577,1,SH,False
688576,1,SH,False
688575,1,SH,False
688573,1,SH,False
688571,1,SH,False
688570,1,SH,False
688569,1,SH,False
688568,1,SH,False
688567,1,SH,False
688566,1,SH,False
688565,1,SH,False
688563,1,SH,False
688562,1,SH,False
688561,1,SH,False
688560,1,SH,False
688559,1,SH,False
688558,1,SH,False
688557,1,SH,False
688556,1,SH,False
688555,1,SH,False
688553,1,SH,False
688552,1,SH,False
688551,1,SH,False
688550,1,SH,False
688549,1,SH,False
688548,1,SH,False
688545,1,SH,False
688543,1,SH,False
688539,1,SH,False
688538,1,SH,False
688536,1,SH,False
688535,1,SH,False
688533,1,SH,False
688531,1,SH,False
688530,1,SH,False
688529,1,SH,False
688528,1,SH,False
688526,1,SH,False
688525,1,SH,False
688523,1,SH,False
688522,1,SH,False
688521,1,SH,False
688520,1,SH,False
688519,1,SH,False
688518,1,SH,False
688517,1,SH,False
688516,1,SH,False
688515,1,SH,False
688513,1,SH,False
688512,1,SH,False
688511,1,SH,False
688510,1,SH,False
688509,1,SH,False
688508,1,SH,False
688507,1,SH,False
688506,1,SH,False
688505,1,SH,False
688503,1,SH,False
688502,1,SH,False
688501,1,SH,False
688500,1,SH,False
688499,1,SH,False
688498,1,SH,False
688496,1,SH,False
688489,1,SH,False
688488,1,SH,False
688486,1,SH,False
688485,1,SH,False
688484,1,SH,False
688480,1,SH,False
688479,1,SH,False
688478,1,SH,False
688475,1,SH,False
688472,1,SH,False
688469,1,SH,False
688468,1,SH,False
688466,1,SH,False
688459,1,SH,False
688458,1,SH,False
688456,1,SH,False
688455,1,SH,False
688450,1,SH,False
688449,1,SH,False
688448,1,SH,False
688443,1,SH,False
688439,1,SH,False
688435,1,SH,False
688433,1,SH,False
688432,1,SH,False
688429,1,SH,False
688428,1,SH,False
688426,1,SH,False
688425,1,SH,False
688420,1,SH,False
688419,1,SH,False
688418,1,SH,False
688416,1,SH,False
688411,1,SH,False
688410,1,SH,False
688409,1,SH,False
688408,1,SH,False
688403,1,SH,False
688401,1,SH,False
688400,1,SH,False
688399,1,SH,False
688398,1,SH,False
688396,1,SH,False
688395,1,SH,False
688393,1,SH,False
688392,1,SH,False
688391,1,SH,False
688390,1,SH,False
688389,1,SH,False
688388,1,SH,False
688387,1,SH,False
688386,1,SH,False
688385,1,SH,False
688383,1,SH,False
688382,1,SH,False
688381,1,SH,False
688380,1,SH,False
688379,1,SH,False
688378,1,SH,False
688377,1,SH,False
688376,1,SH,False
688375,1,SH,False
688373,1,SH,False
688372,1,SH,False
688371,1,SH,False
688370,1,SH,False
688369,1,SH,False
688368,1,SH,False
688367,1,SH,False
688366,1,SH,False
688365,1,SH,False
688363,1,SH,False
688362,1,SH,False
688361,1,SH,False
688360,1,SH,False
688359,1,SH,False
688358,1,SH,False
688357,1,SH,False
688356,1,SH,False
688355,1,SH,False
688353,1,SH,False
688352,1,SH,False
688351,1,SH,False
688350,1,SH,False
688349,1,SH,False
688348,1,SH,False
688347,1,SH,False
688345,1,SH,False
688343,1,SH,False
688339,1,SH,False
688338,1,SH,False
688337,1,SH,False
688336,1,SH,False
688335,1,SH,False
688334,1,SH,False
688333,1,SH,False
688332,1,SH,False
688331,1,SH,False
688330,1,SH,False
688329,1,SH,False
688328,1,SH,False
688327,1,SH,False
688326,1,SH,False
688325,1,SH,False
688323,1,SH,False
688322,1,SH,False
688321,1,SH,False
688320,1,SH,False
688319,1,SH,False
688318,1,SH,False
688317,1,SH,False
688316,1,SH,False
688315,1,SH,False
688314,1,SH,False
688313,1,SH,False
688312,1,SH,False
688311,1,SH,False
688310,1,SH,False
688309,1,SH,False
688308,1,SH,False
688307,1,SH,False
688306,1,SH,False
688305,1,SH,False
688303,1,SH,False
688302,1,SH,False
688301,1,SH,False
688300,1,SH,False
688299,1,SH,False
688298,1,SH,False
688297,1,SH,False
688296,1,SH,False
688295,1,SH,False
688293,1,SH,False
688292,1,SH,False
688291,1,SH,False
688290,1,SH,False
688289,1,SH,False
688288,1,SH,False
688287,1,SH,False
688286,1,SH,False
688285,1,SH,False
688283,1,SH,False
688282,1,SH,False
688281,1,SH,False
688280,1,SH,False
688279,1,SH,False
688278,1,SH,False
688277,1,SH,False
688276,1,SH,False
688275,1,SH,False
688273,1,SH,False
688272,1,SH,False
688271,1,SH,False
688270,1,SH,False
688269,1,SH,False
688268,1,SH,False
688267,1,SH,False
688266,1,SH,False
688265,1,SH,False
688262,1,SH,False
688261,1,SH,False
688260,1,SH,False
688259,1,SH,False
688258,1,SH,False
688257,1,SH,False
688256,1,SH,False
688255,1,SH,False
688253,1,SH,False
688252,1,SH,False
688251,1,SH,False
688249,1,SH,False
688248,1,SH,False
688247,1,SH,False
688246,1,SH,False
688244,1,SH,False
688239,1,SH,False
688238,1,SH,False
688237,1,SH,False
688236,1,SH,False
688235,1,SH,False
688234,1,SH,False
688233,1,SH,False
688232,1,SH,False
688231,1,SH,False
688230,1,SH,False
688229,1,SH,False
688228,1,SH,False
688227,1,SH,False
688226,1,SH,False
688225,1,SH,False
688223,1,SH,False
688222,1,SH,False
688221,1,SH,False
688220,1,SH,False
688219,1,SH,False
688218,1,SH,False
688217,1,SH,False
688216,1,SH,False
688215,1,SH,False
688213,1,SH,False
688212,1,SH,False
688211,1,SH,False
688210,1,SH,False
688209,1,SH,False
688208,1,SH,False
688207,1,SH,False
688206,1,SH,False
688205,1,SH,False
688203,1,SH,False
688202,1,SH,False
688201,1,SH,False
688200,1,SH,False
688199,1,SH,False
688198,1,SH,False
688197,1,SH,False
688196,1,SH,False
688195,1,SH,False
688193,1,SH,False
688192,1,SH,False
688191,1,SH,False
688190,1,SH,False
688189,1,SH,False
688188,1,SH,False
688187,1,SH,False
688186,1,SH,False
688185,1,SH,False
688184,1,SH,False
688183,1,SH,False
688182,1,SH,False
688181,1,SH,False
688180,1,SH,False
688179,1,SH,False
688178,1,SH,False
688177,1,SH,False
688176,1,SH,False
688175,1,SH,False
688173,1,SH,False
688172,1,SH,False
688171,1,SH,False
688170,1,SH,False
688169,1,SH,False
688168,1,SH,False
688167,1,SH,False
688166,1,SH,False
688165,1,SH,False
688163,1,SH,False
688162,1,SH,False
688161,1,SH,False
688160,1,SH,False
688159,1,SH,False
688158,1,SH,False
688157,1,SH,False
688156,1,SH,False
688155,1,SH,False
688153,1,SH,False
688152,1,SH,False
688151,1,SH,False
688150,1,SH,False
688148,1,SH,False
688147,1,SH,False
688146,1,SH,False
688143,1,SH,False
688141,1,SH,False
688139,1,SH,False
688138,1,SH,False
688137,1,SH,False
688136,1,SH,False
688135,1,SH,False
688133,1,SH,False
688132,1,SH,False
688131,1,SH,False
688130,1,SH,False
688129,1,SH,False
688128,1,SH,False
688127,1,SH,False
688126,1,SH,False
688125,1,SH,False
688123,1,SH,False
688122,1,SH,False
688121,1,SH,False
688120,1,SH,False
688119,1,SH,False
688118,1,SH,False
688117,1,SH,False
688116,1,SH,False
688115,1,SH,False
688114,1,SH,False
688113,1,SH,False
688112,1,SH,False
688111,1,SH,False
688110,1,SH,False
688109,1,SH,False
688108,1,SH,False
688107,1,SH,False
688106,1,SH,False
688105,1,SH,False
688103,1,SH,False
688102,1,SH,False
688101,1,SH,False
688100,1,SH,False
688099,1,SH,False
688098,1,SH,False
688097,1,SH,False
688096,1,SH,False
688095,1,SH,False
688093,1,SH,False
688092,1,SH,False
688091,1,SH,False
688090,1,SH,False
688089,1,SH,False
688088,1,SH,False
688087,1,SH,False
688086,1,SH,False
688085,1,SH,False
688084,1,SH,False
688083,1,SH,False
688082,1,SH,False
688081,1,SH,False
688080,1,SH,False
688079,1,SH,False
688078,1,SH,False
688077,1,SH,False
688076,1,SH,False
688075,1,SH,False
688073,1,SH,False
688072,1,SH,False
688071,1,SH,False
688070,1,SH,False
688069,1,SH,False
688068,1,SH,False
688067,1,SH,False
688066,1,SH,False
688065,1,SH,False
688063,1,SH,False
688062,1,SH,False
688061,1,SH,False
688060,1,SH,False
688059,1,SH,False
688058,1,SH,False
688057,1,SH,False
688056,1,SH,False
688055,1,SH,False
688053,1,SH,False
688052,1,SH,False
688051,1,SH,False
688050,1,SH,False
688049,1,SH,False
688048,1,SH,False
688047,1,SH,False
688046,1,SH,False
688045,1,SH,False
688041,1,SH,False
688039,1,SH,False
688038,1,SH,False
688037,1,SH,False
688036,1,SH,False
688035,1,SH,False
688033,1,SH,False
688032,1,SH,False
688031,1,SH,False
688030,1,SH,False
688029,1,SH,False
688028,1,SH,False
688027,1,SH,False
688026,1,SH,False
688025,1,SH,False
688023,1,SH,False
688022,1,SH,False
688021,1,SH,False
688020,1,SH,False
688019,1,SH,False
688018,1,SH,False
688017,1,SH,False
688016,1,SH,False
688015,1,SH,False
688013,1,SH,False
688012,1,SH,False
688011,1,SH,False
688010,1,SH,False
688009,1,SH,False
688008,1,SH,False
688007,1,SH,False
688006,1,SH,False
688005,1,SH,False
688004,1,SH,False
688003,1,SH,False
688002,1,SH,False
688001,1,SH,False
605599,1,SH,False
605598,1,SH,False
605589,1,SH,False
605588,1,SH,False
605580,1,SH,False
605577,1,SH,False
605567,1,SH,False
605566,1,SH,False
605555,1,SH,False
605507,1,SH,False
605500,1,SH,False
605499,1,SH,False
605488,1,SH,False
605399,1,SH,False
605398,1,SH,False
605389,1,SH,False
605388,1,SH,False
605378,1,SH,False
605377,1,SH,False
605376,1,SH,False
605369,1,SH,False
605368,1,SH,False
605366,1,SH,False
605365,1,SH,False
605358,1,SH,False
605339,1,SH,False
605338,1,SH,False
605337,1,SH,False
605336,1,SH,False
605333,1,SH,False
605319,1,SH,False
605318,1,SH,False
605305,1,SH,False
605303,1,SH,False
605300,1,SH,False
605299,1,SH,False
605298,1,SH,False
605296,1,SH,False
605289,1,SH,False
605288,1,SH,False
605287,1,SH,False
605286,1,SH,False
605277,1,SH,False
605268,1,SH,False
605266,1,SH,False
605259,1,SH,False
605258,1,SH,False
605255,1,SH,False
605228,1,SH,False
605222,1,SH,False
605218,1,SH,False
605208,1,SH,False
605199,1,SH,False
605198,1,SH,False
605196,1,SH,False
605189,1,SH,False
605188,1,SH,False
605186,1,SH,False
605183,1,SH,False
605180,1,SH,False
605179,1,SH,False
605178,1,SH,False
605177,1,SH,False
605169,1,SH,False
605168,1,SH,False
605167,1,SH,False
605166,1,SH,False
605162,1,SH,False
605158,1,SH,False
605155,1,SH,False
605151,1,SH,False
605138,1,SH,False
605136,1,SH,False
605133,1,SH,False
605128,1,SH,False
605123,1,SH,False
605122,1,SH,False
605118,1,SH,False
605117,1,SH,False
605116,1,SH,False
605111,1,SH,False
605108,1,SH,False
605100,1,SH,False
605099,1,SH,False
605098,1,SH,False
605090,1,SH,False
605089,1,SH,False
605088,1,SH,False
605086,1,SH,False
605081,1,SH,False
605080,1,SH,False
605077,1,SH,False
605069,1,SH,False
605068,1,SH,False
605066,1,SH,False
605060,1,SH,False
605058,1,SH,False
605056,1,SH,False
605055,1,SH,False
605050,1,SH,False
605033,1,SH,False
605028,1,SH,False
605020,1,SH,False
605018,1,SH,False
605016,1,SH,False
605011,1,SH,False
605009,1,SH,False
605008,1,SH,False
605007,1,SH,False
605006,1,SH,False
605005,1,SH,False
605003,1,SH,False
605001,1,SH,False
603999,1,SH,False
603998,1,SH,False
603997,1,SH,False
603996,1,SH,False
603995,1,SH,False
603993,1,SH,False
603992,1,SH,False
603991,1,SH,False
603990,1,SH,False
603989,1,SH,False
603988,1,SH,False
603987,1,SH,False
603986,1,SH,False
603985,1,SH,False
603983,1,SH,False
603982,1,SH,False
603980,1,SH,False
603979,1,SH,False
603978,1,SH,False
603977,1,SH,False
603976,1,SH,False
603970,1,SH,False
603969,1,SH,False
603968,1,SH,False
603967,1,SH,False
603966,1,SH,False
603963,1,SH,False
603960,1,SH,False
603959,1,SH,False
603958,1,SH,False
603956,1,SH,False
603955,1,SH,False
603950,1,SH,False
603949,1,SH,False
603948,1,SH,False
603939,1,SH,False
603938,1,SH,False
603937,1,SH,False
603936,1,SH,False
603933,1,SH,False
603931,1,SH,False
603929,1,SH,False
603928,1,SH,False
603927,1,SH,False
603926,1,SH,False
603922,1,SH,False
603920,1,SH,False
603919,1,SH,False
603918,1,SH,False
603917,1,SH,False
603916,1,SH,False
603915,1,SH,False
603912,1,SH,False
603909,1,SH,False
603908,1,SH,False
603906,1,SH,False
603903,1,SH,False
603901,1,SH,False
603900,1,SH,False
603899,1,SH,False
603898,1,SH,False
603897,1,SH,False
603896,1,SH,False
603895,1,SH,False
603893,1,SH,False
603890,1,SH,False
603889,1,SH,False
603888,1,SH,False
603887,1,SH,False
603886,1,SH,False
603885,1,SH,False
603883,1,SH,False
603882,1,SH,False
603881,1,SH,False
603880,1,SH,False
603879,1,SH,False
603878,1,SH,False
603877,1,SH,False
603876,1,SH,False
603871,1,SH,False
603869,1,SH,False
603868,1,SH,False
603867,1,SH,False
603866,1,SH,False
603863,1,SH,False
603861,1,SH,False
603860,1,SH,False
603859,1,SH,False
603858,1,SH,False
603856,1,SH,False
603855,1,SH,False
603848,1,SH,False
603843,1,SH,False
603839,1,SH,False
603838,1,SH,False
603836,1,SH,False
603833,1,SH,False
603829,1,SH,False
603828,1,SH,False
603826,1,SH,False
603825,1,SH,False
603823,1,SH,False
603822,1,SH,False
603819,1,SH,False
603818,1,SH,False
603817,1,SH,False
603816,1,SH,False
603815,1,SH,False
603813,1,SH,False
603811,1,SH,False
603810,1,SH,False
603809,1,SH,False
603808,1,SH,False
603806,1,SH,False
603803,1,SH,False
603801,1,SH,False
603800,1,SH,False
603799,1,SH,False
603798,1,SH,False
603797,1,SH,False
603790,1,SH,False
603789,1,SH,False
603788,1,SH,False
603787,1,SH,False
603786,1,SH,False
603779,1,SH,False
603778,1,SH,False
603777,1,SH,False
603776,1,SH,False
603773,1,SH,False
603768,1,SH,False
603767,1,SH,False
603766,1,SH,False
603759,1,SH,False
603758,1,SH,False
603757,1,SH,False
603755,1,SH,False
603739,1,SH,False
603738,1,SH,False
603737,1,SH,False
603733,1,SH,False
603730,1,SH,False
603729,1,SH,False
603728,1,SH,False
603727,1,SH,False
603726,1,SH,False
603725,1,SH,False
603722,1,SH,False
603721,1,SH,False
603719,1,SH,False
603718,1,SH,False
603717,1,SH,False
603716,1,SH,False
603713,1,SH,False
603712,1,SH,False
603711,1,SH,False
603709,1,SH,False
603708,1,SH,False
603707,1,SH,False
603706,1,SH,False
603703,1,SH,False
603701,1,SH,False
603700,1,SH,False
603699,1,SH,False
603698,1,SH,False
603697,1,SH,False
603696,1,SH,False
603693,1,SH,False
603690,1,SH,False
603689,1,SH,False
603688,1,SH,False
603687,1,SH,False
603686,1,SH,False
603685,1,SH,False
603683,1,SH,False
603682,1,SH,False
603681,1,SH,False
603680,1,SH,False
603679,1,SH,False
603678,1,SH,False
603677,1,SH,False
603676,1,SH,False
603669,1,SH,False
603668,1,SH,False
603667,1,SH,False
603666,1,SH,False
603665,1,SH,False
603663,1,SH,False
603662,1,SH,False
603661,1,SH,False
603660,1,SH,False
603659,1,SH,False
603658,1,SH,False
603657,1,SH,False
603656,1,SH,False
603655,1,SH,False
603650,1,SH,False
603648,1,SH,False
603639,1,SH,False
603638,1,SH,False
603637,1,SH,False
603636,1,SH,False
603633,1,SH,False
603630,1,SH,False
603629,1,SH,False
603628,1,SH,False
603626,1,SH,False
603619,1,SH,False
603618,1,SH,False
603617,1,SH,False
603616,1,SH,False
603615,1,SH,False
603613,1,SH,False
603612,1,SH,False
603611,1,SH,False
603610,1,SH,False
603609,1,SH,False
603608,1,SH,False
603607,1,SH,False
603606,1,SH,False
603605,1,SH,False
603603,1,SH,False
603602,1,SH,False
603601,1,SH,False
603600,1,SH,False
603599,1,SH,False
603598,1,SH,False
603596,1,SH,False
603595,1,SH,False
603590,1,SH,False
603589,1,SH,False
603588,1,SH,False
603587,1,SH,False
603586,1,SH,False
603585,1,SH,False
603583,1,SH,False
603580,1,SH,False
603579,1,SH,False
603578,1,SH,False
603577,1,SH,False
603569,1,SH,False
603568,1,SH,False
603567,1,SH,False
603566,1,SH,False
603565,1,SH,False
603559,1,SH,False
603558,1,SH,False
603557,1,SH,False
603556,1,SH,False
603555,1,SH,False
603551,1,SH,False
603538,1,SH,False
603536,1,SH,False
603535,1,SH,False
603533,1,SH,False
603530,1,SH,False
603529,1,SH,False
603528,1,SH,False
603527,1,SH,False
603520,1,SH,False
603519,1,SH,False
603518,1,SH,False
603517,1,SH,False
603516,1,SH,False
603515,1,SH,False
603511,1,SH,False
603508,1,SH,False
603507,1,SH,False
603506,1,SH,False
603505,1,SH,False
603501,1,SH,False
603500,1,SH,False
603499,1,SH,False
603496,1,SH,False
603489,1,SH,False
603488,1,SH,False
603486,1,SH,False
603477,1,SH,False
603466,1,SH,False
603458,1,SH,False
603456,1,SH,False
603444,1,SH,False
603439,1,SH,False
603429,1,SH,False
603421,1,SH,False
603416,1,SH,False
603409,1,SH,False
603408,1,SH,False
603406,1,SH,False
603400,1,SH,False
603399,1,SH,False
603398,1,SH,False
603396,1,SH,False
603395,1,SH,False
603393,1,SH,False
603392,1,SH,False
603391,1,SH,False
603390,1,SH,False
603389,1,SH,False
603388,1,SH,False
603387,1,SH,False
603386,1,SH,False
603385,1,SH,False
603383,1,SH,False
603382,1,SH,False
603381,1,SH,False
603380,1,SH,False
603379,1,SH,False
603378,1,SH,False
603377,1,SH,False
603375,1,SH,False
603373,1,SH,False
603370,1,SH,False
603369,1,SH,False
603368,1,SH,False
603367,1,SH,False
603366,1,SH,False
603365,1,SH,False
603363,1,SH,False
603360,1,SH,False
603359,1,SH,False
603358,1,SH,False
603357,1,SH,False
603356,1,SH,False
603355,1,SH,False
603353,1,SH,False
603351,1,SH,False
603350,1,SH,False
603348,1,SH,False
603345,1,SH,False
603344,1,SH,False
603341,1,SH,False
603339,1,SH,False
603338,1,SH,False
603337,1,SH,False
603336,1,SH,False
603335,1,SH,False
603333,1,SH,False
603332,1,SH,False
603331,1,SH,False
603330,1,SH,False
603329,1,SH,False
603328,1,SH,False
603327,1,SH,False
603326,1,SH,False
603325,1,SH,False
603324,1,SH,False
603323,1,SH,False
603322,1,SH,False
603321,1,SH,False
603320,1,SH,False
603319,1,SH,False
603318,1,SH,False
603317,1,SH,False
603316,1,SH,False
603315,1,SH,False
603313,1,SH,False
603312,1,SH,False
603311,1,SH,False
603310,1,SH,False
603309,1,SH,False
603308,1,SH,False
603307,1,SH,False
603306,1,SH,False
603305,1,SH,False
603303,1,SH,False
603301,1,SH,False
603300,1,SH,False
603299,1,SH,False
603298,1,SH,False
603297,1,SH,False
603296,1,SH,False
603291,1,SH,False
603290,1,SH,False
603289,1,SH,False
603288,1,SH,False
603286,1,SH,False
603285,1,SH,False
603283,1,SH,False
603282,1,SH,False
603281,1,SH,False
603280,1,SH,False
603279,1,SH,False
603278,1,SH,False
603277,1,SH,False
603276,1,SH,False
603275,1,SH,False
603273,1,SH,False
603272,1,SH,False
603271,1,SH,False
603270,1,SH,False
603269,1,SH,False
603268,1,SH,False
603267,1,SH,False
603266,1,SH,False
603262,1,SH,False
603261,1,SH,False
603260,1,SH,False
603259,1,SH,False
603258,1,SH,False
603257,1,SH,False
603256,1,SH,False
603255,1,SH,False
603239,1,SH,False
603238,1,SH,False
603237,1,SH,False
603236,1,SH,False
603235,1,SH,False
603233,1,SH,False
603232,1,SH,False
603231,1,SH,False
603230,1,SH,False
603229,1,SH,False
603228,1,SH,False
603227,1,SH,False
603226,1,SH,False
603225,1,SH,False
603223,1,SH,False
603222,1,SH,False
603221,1,SH,False
603220,1,SH,False
603219,1,SH,False
603218,1,SH,False
603217,1,SH,False
603216,1,SH,False
603215,1,SH,False
603214,1,SH,False
603213,1,SH,False
603212,1,SH,False
603211,1,SH,False
603210,1,SH,False
603209,1,SH,False
603208,1,SH,False
603207,1,SH,False
603206,1,SH,False
603205,1,SH,False
603203,1,SH,False
603202,1,SH,False
603201,1,SH,False
603200,1,SH,False
603199,1,SH,False
603198,1,SH,False
603197,1,SH,False
603196,1,SH,False
603195,1,SH,False
603194,1,SH,False
603193,1,SH,False
603192,1,SH,False
603191,1,SH,False
603190,1,SH,False
603189,1,SH,False
603188,1,SH,False
603187,1,SH,False
603186,1,SH,False
603185,1,SH,False
603183,1,SH,False
603182,1,SH,False
603181,1,SH,False
603180,1,SH,False
603179,1,SH,False
603178,1,SH,False
603177,1,SH,False
603176,1,SH,False
603173,1,SH,False
603172,1,SH,False
603171,1,SH,False
603170,1,SH,False
603169,1,SH,False
603168,1,SH,False
603167,1,SH,False
603166,1,SH,False
603165,1,SH,False
603163,1,SH,False
603162,1,SH,False
603161,1,SH,False
603160,1,SH,False
603159,1,SH,False
603158,1,SH,False
603157,1,SH,False
603156,1,SH,False
603155,1,SH,False
603153,1,SH,False
603151,1,SH,False
603150,1,SH,False
603139,1,SH,False
603138,1,SH,False
603137,1,SH,False
603136,1,SH,False
603135,1,SH,False
603133,1,SH,False
603132,1,SH,False
603131,1,SH,False
603130,1,SH,False
603129,1,SH,False
603128,1,SH,False
603127,1,SH,False
603126,1,SH,False
603125,1,SH,False
603124,1,SH,False
603123,1,SH,False
603122,1,SH,False
603121,1,SH,False
603120,1,SH,False
603119,1,SH,False
603118,1,SH,False
603117,1,SH,False
603116,1,SH,False
603115,1,SH,False
603113,1,SH,False
603112,1,SH,False
603111,1,SH,False
603110,1,SH,False
603109,1,SH,False
603108,1,SH,False
603107,1,SH,False
603106,1,SH,False
603105,1,SH,False
603103,1,SH,False
603102,1,SH,False
603101,1,SH,False
603100,1,SH,False
603099,1,SH,False
603098,1,SH,False
603097,1,SH,False
603096,1,SH,False
603095,1,SH,False
603093,1,SH,False
603091,1,SH,False
603090,1,SH,False
603089,1,SH,False
603088,1,SH,False
603087,1,SH,False
603086,1,SH,False
603085,1,SH,False
603083,1,SH,False
603082,1,SH,False
603081,1,SH,False
603080,1,SH,False
603079,1,SH,False
603078,1,SH,False
603077,1,SH,False
603076,1,SH,False
603075,1,SH,False
603073,1,SH,False
603072,1,SH,False
603071,1,SH,False
603070,1,SH,False
603069,1,SH,False
603068,1,SH,False
603067,1,SH,False
603066,1,SH,False
603065,1,SH,False
603063,1,SH,False
603062,1,SH,False
603061,1,SH,False
603060,1,SH,False
603059,1,SH,False
603058,1,SH,False
603057,1,SH,False
603056,1,SH,False
603055,1,SH,False
603053,1,SH,False
603052,1,SH,False
603051,1,SH,False
603050,1,SH,False
603049,1,SH,False
603048,1,SH,False
603045,1,SH,False
603043,1,SH,False
603042,1,SH,False
603041,1,SH,False
603040,1,SH,False
603039,1,SH,False
603038,1,SH,False
603037,1,SH,False
603036,1,SH,False
603035,1,SH,False
603033,1,SH,False
603032,1,SH,False
603031,1,SH,False
603030,1,SH,False
603029,1,SH,False
603028,1,SH,False
603027,1,SH,False
603026,1,SH,False
603025,1,SH,False
603023,1,SH,False
603022,1,SH,False
603021,1,SH,False
603020,1,SH,False
603019,1,SH,False
603018,1,SH,False
603017,1,SH,False
603016,1,SH,False
603015,1,SH,False
603014,1,SH,False
603013,1,SH,False
603012,1,SH,False
603011,1,SH,False
603010,1,SH,False
603009,1,SH,False
603008,1,SH,False
603007,1,SH,False
603006,1,SH,False
603005,1,SH,False
603004,1,SH,False
603003,1,SH,False
603002,1,SH,False
603001,1,SH,False
603000,1,SH,False
601999,1,SH,False
601998,1,SH,False
601997,1,SH,False
601996,1,SH,False
601995,1,SH,False
601992,1,SH,False
601991,1,SH,False
601990,1,SH,False
601989,1,SH,False
601988,1,SH,False
601985,1,SH,False
601975,1,SH,False
601969,1,SH,False
601968,1,SH,False
601966,1,SH,False
601965,1,SH,False
601963,1,SH,False
601958,1,SH,False
601956,1,SH,False
601952,1,SH,False
601949,1,SH,False
601939,1,SH,False
601933,1,SH,False
601929,1,SH,False
601928,1,SH,False
601921,1,SH,False
601919,1,SH,False
601918,1,SH,False
601916,1,SH,False
601908,1,SH,False
601901,1,SH,False
601900,1,SH,False
601899,1,SH,False
601898,1,SH,False
601890,1,SH,False
601888,1,SH,False
601886,1,SH,False
601882,1,SH,False
601881,1,SH,False
601880,1,SH,False
601878,1,SH,False
601877,1,SH,False
601872,1,SH,False
601869,1,SH,False
601868,1,SH,False
601866,1,SH,False
601865,1,SH,False
601860,1,SH,False
601858,1,SH,False
601857,1,SH,False
601838,1,SH,False
601828,1,SH,False
601827,1,SH,False
601825,1,SH,False
601818,1,SH,False
601816,1,SH,False
601811,1,SH,False
601808,1,SH,False
601801,1,SH,False
601800,1,SH,False
601799,1,SH,False
601798,1,SH,False
601789,1,SH,False
601788,1,SH,False
601778,1,SH,False
601777,1,SH,False
601766,1,SH,False
601728,1,SH,False
601727,1,SH,False
601718,1,SH,False
601717,1,SH,False
601702,1,SH,False
601700,1,SH,False
601699,1,SH,False
601698,1,SH,False
601696,1,SH,False
601689,1,SH,False
601688,1,SH,False
601686,1,SH,False
601678,1,SH,False
601677,1,SH,False
601669,1,SH,False
601668,1,SH,False
601666,1,SH,False
601665,1,SH,False
601658,1,SH,False
601636,1,SH,False
601633,1,SH,False
601628,1,SH,False
601619,1,SH,False
601618,1,SH,False
601616,1,SH,False
601615,1,SH,False
601611,1,SH,False
601609,1,SH,False
601608,1,SH,False
601607,1,SH,False
601606,1,SH,False
601601,1,SH,False
601600,1,SH,False
601599,1,SH,False
601598,1,SH,False
601595,1,SH,False
601588,1,SH,False
601579,1,SH,False
601577,1,SH,False
601568,1,SH,False
601567,1,SH,False
601566,1,SH,False
601558,1,SH,False
601555,1,SH,False
601528,1,SH,False
601519,1,SH,False
601518,1,SH,False
601515,1,SH,False
601512,1,SH,False
601500,1,SH,False
601456,1,SH,False
601399,1,SH,False
601398,1,SH,False
601390,1,SH,False
601388,1,SH,False
601377,1,SH,False
601375,1,SH,False
601369,1,SH,False
601368,1,SH,False
601366,1,SH,False
601360,1,SH,False
601339,1,SH,False
601336,1,SH,False
601333,1,SH,False
601330,1,SH,False
601328,1,SH,False
601326,1,SH,False
601319,1,SH,False
601318,1,SH,False
601311,1,SH,False
601299,1,SH,False
601298,1,SH,False
601288,1,SH,False
601279,1,SH,False
601268,1,SH,False
601258,1,SH,False
601238,1,SH,False
601236,1,SH,False
601233,1,SH,False
601231,1,SH,False
601229,1,SH,False
601228,1,SH,False
601226,1,SH,False
601225,1,SH,False
601222,1,SH,False
601218,1,SH,False
601216,1,SH,False
601212,1,SH,False
601211,1,SH,False
601208,1,SH,False
601200,1,SH,False
601199,1,SH,False
601198,1,SH,False
601188,1,SH,False
601187,1,SH,False
601186,1,SH,False
601179,1,SH,False
601177,1,SH,False
601169,1,SH,False
601168,1,SH,False
601166,1,SH,False
601163,1,SH,False
601162,1,SH,False
601158,1,SH,False
601156,1,SH,False
601155,1,SH,False
601139,1,SH,False
601138,1,SH,False
601137,1,SH,False
601136,1,SH,False
601133,1,SH,False
601128,1,SH,False
601127,1,SH,False
601126,1,SH,False
601121,1,SH,False
601118,1,SH,False
601117,1,SH,False
601116,1,SH,False
601113,1,SH,False
601111,1,SH,False
601108,1,SH,False
601107,1,SH,False
601106,1,SH,False
601101,1,SH,False
601100,1,SH,False
601099,1,SH,False
601098,1,SH,False
601096,1,SH,False
601089,1,SH,False
601088,1,SH,False
601086,1,SH,False
601083,1,SH,False
601077,1,SH,False
601069,1,SH,False
601068,1,SH,False
601066,1,SH,False
601065,1,SH,False
601061,1,SH,False
601059,1,SH,False
601058,1,SH,False
601038,1,SH,False
601033,1,SH,False
601028,1,SH,False
601022,1,SH,False
601021,1,SH,False
601020,1,SH,False
601019,1,SH,False
601018,1,SH,False
601016,1,SH,False
601015,1,SH,False
601012,1,SH,False
601011,1,SH,False
601010,1,SH,False
601009,1,SH,False
601008,1,SH,False
601007,1,SH,False
601006,1,SH,False
601005,1,SH,False
601003,1,SH,False
601002,1,SH,False
601001,1,SH,False
601000,1,SH,False
600999,1,SH,False
600998,1,SH,False
600997,1,SH,False
600996,1,SH,False
600995,1,SH,False
600993,1,SH,False
600992,1,SH,False
600991,1,SH,False
600990,1,SH,False
600989,1,SH,False
600988,1,SH,False
600987,1,SH,False
600986,1,SH,False
600985,1,SH,False
600984,1,SH,False
600983,1,SH,False
600982,1,SH,False
600981,1,SH,False
600980,1,SH,False
600979,1,SH,False
600978,1,SH,False
600977,1,SH,False
600976,1,SH,False
600975,1,SH,False
600973,1,SH,False
600971,1,SH,False
600970,1,SH,False
600969,1,SH,False
600968,1,SH,False
600967,1,SH,False
600966,1,SH,False
600965,1,SH,False
600963,1,SH,False
600962,1,SH,False
600961,1,SH,False
600960,1,SH,False
600959,1,SH,False
600958,1,SH,False
600956,1,SH,False
600955,1,SH,False
600941,1,SH,False
600939,1,SH,False
600938,1,SH,False
600936,1,SH,False
600935,1,SH,False
600933,1,SH,False
600930,1,SH,False
600929,1,SH,False
600928,1,SH,False
600927,1,SH,False
600926,1,SH,False
600925,1,SH,False
600919,1,SH,False
600918,1,SH,False
600917,1,SH,False
600916,1,SH,False
600909,1,SH,False
600908,1,SH,False
600906,1,SH,False
600905,1,SH,False
600903,1,SH,False
600901,1,SH,False
600900,1,SH,False
600899,1,SH,False
600898,1,SH,False
600897,1,SH,False
600896,1,SH,False
600895,1,SH,False
600894,1,SH,False
600893,1,SH,False
600892,1,SH,False
600891,1,SH,False
600890,1,SH,False
600889,1,SH,False
600888,1,SH,False
600887,1,SH,False
600886,1,SH,False
600885,1,SH,False
600884,1,SH,False
600883,1,SH,False
600882,1,SH,False
600881,1,SH,False
600880,1,SH,False
600879,1,SH,False
600878,1,SH,False
600877,1,SH,False
600876,1,SH,False
600875,1,SH,False
600874,1,SH,False
600873,1,SH,False
600872,1,SH,False
600871,1,SH,False
600870,1,SH,False
600869,1,SH,False
600868,1,SH,False
600867,1,SH,False
600866,1,SH,False
600865,1,SH,False
600864,1,SH,False
600863,1,SH,False
600862,1,SH,False
600861,1,SH,False
600860,1,SH,False
600859,1,SH,False
600858,1,SH,False
600857,1,SH,False
600856,1,SH,False
600855,1,SH,False
600854,1,SH,False
600853,1,SH,False
600852,1,SH,False
600851,1,SH,False
600850,1,SH,False
600849,1,SH,False
600848,1,SH,False
600847,1,SH,False
600846,1,SH,False
600845,1,SH,False
600844,1,SH,False
600843,1,SH,False
600842,1,SH,False
600841,1,SH,False
600840,1,SH,False
600839,1,SH,False
600838,1,SH,False
600837,1,SH,False
600836,1,SH,False
600835,1,SH,False
600834,1,SH,False
600833,1,SH,False
600832,1,SH,False
600831,1,SH,False
600830,1,SH,False
600829,1,SH,False
600828,1,SH,False
600827,1,SH,False
600826,1,SH,False
600825,1,SH,False
600824,1,SH,False
600823,1,SH,False
600822,1,SH,False
600821,1,SH,False
600820,1,SH,False
600819,1,SH,False
600818,1,SH,False
600817,1,SH,False
600816,1,SH,False
600815,1,SH,False
600814,1,SH,False
600813,1,SH,False
600812,1,SH,False
600811,1,SH,False
600810,1,SH,False
600809,1,SH,False
600808,1,SH,False
600807,1,SH,False
600806,1,SH,False
600805,1,SH,False
600804,1,SH,False
600803,1,SH,False
600802,1,SH,False
600801,1,SH,False
600800,1,SH,False
600799,1,SH,False
600798,1,SH,False
600797,1,SH,False
600796,1,SH,False
600795,1,SH,False
600794,1,SH,False
600793,1,SH,False
600792,1,SH,False
600791,1,SH,False
600790,1,SH,False
600789,1,SH,False
600788,1,SH,False
600787,1,SH,False
600786,1,SH,False
600785,1,SH,False
600784,1,SH,False
600783,1,SH,False
600782,1,SH,False
600781,1,SH,False
600780,1,SH,False
600779,1,SH,False
600778,1,SH,False
600777,1,SH,False
600776,1,SH,False
600775,1,SH,False
600774,1,SH,False
600773,1,SH,False
600772,1,SH,False
600771,1,SH,False
600770,1,SH,False
600769,1,SH,False
600768,1,SH,False
600767,1,SH,False
600766,1,SH,False
600765,1,SH,False
600764,1,SH,False
600763,1,SH,False
600762,1,SH,False
600761,1,SH,False
600760,1,SH,False
600759,1,SH,False
600758,1,SH,False
600757,1,SH,False
600756,1,SH,False
600755,1,SH,False
600754,1,SH,False
600753,1,SH,False
600752,1,SH,False
600751,1,SH,False
600750,1,SH,False
600749,1,SH,False
600748,1,SH,False
600747,1,SH,False
600746,1,SH,False
600745,1,SH,False
600744,1,SH,False
600743,1,SH,False
600742,1,SH,False
600741,1,SH,False
600740,1,SH,False
600739,1,SH,False
600738,1,SH,False
600737,1,SH,False
600736,1,SH,False
600735,1,SH,False
600734,1,SH,False
600733,1,SH,False
600732,1,SH,False
600731,1,SH,False
600730,1,SH,False
600729,1,SH,False
600728,1,SH,False
600727,1,SH,False
600726,1,SH,False
600725,1,SH,False
600724,1,SH,False
600723,1,SH,False
600722,1,SH,False
600721,1,SH,False
600720,1,SH,False
600719,1,SH,False
600718,1,SH,False
600717,1,SH,False
600716,1,SH,False
600715,1,SH,False
600714,1,SH,False
600713,1,SH,False
600712,1,SH,False
600711,1,SH,False
600710,1,SH,False
600709,1,SH,False
600708,1,SH,False
600707,1,SH,False
600706,1,SH,False
600705,1,SH,False
600704,1,SH,False
600703,1,SH,False
600702,1,SH,False
600701,1,SH,False
600700,1,SH,False
600699,1,SH,False
600698,1,SH,False
600697,1,SH,False
600696,1,SH,False
600695,1,SH,False
600694,1,SH,False
600693,1,SH,False
600692,1,SH,False
600691,1,SH,False
600690,1,SH,False
600689,1,SH,False
600688,1,SH,False
600687,1,SH,False
600686,1,SH,False
600685,1,SH,False
600684,1,SH,False
600683,1,SH,False
600682,1,SH,False
600681,1,SH,False
600680,1,SH,False
600679,1,SH,False
600678,1,SH,False
600677,1,SH,False
600676,1,SH,False
600675,1,SH,False
600674,1,SH,False
600673,1,SH,False
600672,1,SH,False
600671,1,SH,False
600670,1,SH,False
600669,1,SH,False
600668,1,SH,False
600667,1,SH,False
600666,1,SH,False
600665,1,SH,False
600664,1,SH,False
600663,1,SH,False
600662,1,SH,False
600661,1,SH,False
600660,1,SH,False
600659,1,SH,False
600658,1,SH,False
600657,1,SH,False
600656,1,SH,False
600655,1,SH,False
600654,1,SH,False
600653,1,SH,False
600652,1,SH,False
600651,1,SH,False
600650,1,SH,False
600649,1,SH,False
600648,1,SH,False
600647,1,SH,False
600646,1,SH,False
600645,1,SH,False
600644,1,SH,False
600643,1,SH,False
600642,1,SH,False
600641,1,SH,False
600640,1,SH,False
600639,1,SH,False
600638,1,SH,False
600637,1,SH,False
600636,1,SH,False
600635,1,SH,False
600634,1,SH,False
600633,1,SH,False
600632,1,SH,False
600631,1,SH,False
600630,1,SH,False
600629,1,SH,False
600628,1,SH,False
600627,1,SH,False
600626,1,SH,False
600625,1,SH,False
600624,1,SH,False
600623,1,SH,False
600622,1,SH,False
600621,1,SH,False
600620,1,SH,False
600619,1,SH,False
600618,1,SH,False
600617,1,SH,False
600616,1,SH,False
600615,1,SH,False
600614,1,SH,False
600613,1,SH,False
600612,1,SH,False
600611,1,SH,False
600610,1,SH,False
600609,1,SH,False
600608,1,SH,False
600607,1,SH,False
600606,1,SH,False
600605,1,SH,False
600604,1,SH,False
600603,1,SH,False
600602,1,SH,False
600601,1,SH,False
600600,1,SH,False
600599,1,SH,False
600598,1,SH,False
600597,1,SH,False
600596,1,SH,False
600595,1,SH,False
600594,1,SH,False
600593,1,SH,False
600592,1,SH,False
600591,1,SH,False
600590,1,SH,False
600589,1,SH,False
600588,1,SH,False
600587,1,SH,False
600586,1,SH,False
600585,1,SH,False
600584,1,SH,False
600583,1,SH,False
600582,1,SH,False
600581,1,SH,False
600580,1,SH,False
600579,1,SH,False
600578,1,SH,False
600577,1,SH,False
600576,1,SH,False
600575,1,SH,False
600573,1,SH,False
600572,1,SH,False
600571,1,SH,False
600570,1,SH,False
600569,1,SH,False
600568,1,SH,False
600567,1,SH,False
600566,1,SH,False
600565,1,SH,False
600563,1,SH,False
600562,1,SH,False
600561,1,SH,False
600560,1,SH,False
600559,1,SH,False
600558,1,SH,False
600557,1,SH,False
600556,1,SH,False
600555,1,SH,False
600553,1,SH,False
600552,1,SH,False
600551,1,SH,False
600550,1,SH,False
600549,1,SH,False
600548,1,SH,False
600547,1,SH,False
600546,1,SH,False
600545,1,SH,False
600543,1,SH,False
600540,1,SH,False
600539,1,SH,False
600538,1,SH,False
600537,1,SH,False
600536,1,SH,False
600535,1,SH,False
600533,1,SH,False
600532,1,SH,False
600531,1,SH,False
600530,1,SH,False
600529,1,SH,False
600528,1,SH,False
600527,1,SH,False
600526,1,SH,False
600525,1,SH,False
600523,1,SH,False
600522,1,SH,False
600521,1,SH,False
600520,1,SH,False
600519,1,SH,False
600518,1,SH,False
600517,1,SH,False
600516,1,SH,False
600515,1,SH,False
600513,1,SH,False
600512,1,SH,False
600511,1,SH,False
600510,1,SH,False
600509,1,SH,False
600508,1,SH,False
600507,1,SH,False
600506,1,SH,False
600505,1,SH,False
600503,1,SH,False
600502,1,SH,False
600501,1,SH,False
600500,1,SH,False
600499,1,SH,False
600498,1,SH,False
600497,1,SH,False
600496,1,SH,False
600495,1,SH,False
600493,1,SH,False
600491,1,SH,False
600490,1,SH,False
600489,1,SH,False
600488,1,SH,False
600487,1,SH,False
600486,1,SH,False
600485,1,SH,False
600483,1,SH,False
600482,1,SH,False
600481,1,SH,False
600480,1,SH,False
600479,1,SH,False
600478,1,SH,False
600477,1,SH,False
600476,1,SH,False
600475,1,SH,False
600472,1,SH,False
600470,1,SH,False
600469,1,SH,False
600468,1,SH,False
600467,1,SH,False
600466,1,SH,False
600463,1,SH,False
600462,1,SH,False
600461,1,SH,False
600460,1,SH,False
600459,1,SH,False
600458,1,SH,False
600456,1,SH,False
600455,1,SH,False
600452,1,SH,False
600449,1,SH,False
600448,1,SH,False
600446,1,SH,False
600444,1,SH,False
600439,1,SH,False
600438,1,SH,False
600436,1,SH,False
600435,1,SH,False
600433,1,SH,False
600432,1,SH,False
600429,1,SH,False
600428,1,SH,False
600426,1,SH,False
600425,1,SH,False
600423,1,SH,False
600422,1,SH,False
600421,1,SH,False
600420,1,SH,False
600419,1,SH,False
600418,1,SH,False
600416,1,SH,False
600415,1,SH,False
600410,1,SH,False
600409,1,SH,False
600408,1,SH,False
600406,1,SH,False
600405,1,SH,False
600403,1,SH,False
600401,1,SH,False
600400,1,SH,False
600399,1,SH,False
600398,1,SH,False
600397,1,SH,False
600396,1,SH,False
600395,1,SH,False
600393,1,SH,False
600392,1,SH,False
600391,1,SH,False
600390,1,SH,False
600389,1,SH,False
600388,1,SH,False
600387,1,SH,False
600386,1,SH,False
600385,1,SH,False
600383,1,SH,False
600382,1,SH,False
600381,1,SH,False
600380,1,SH,False
600379,1,SH,False
600378,1,SH,False
600377,1,SH,False
600376,1,SH,False
600375,1,SH,False
600373,1,SH,False
600372,1,SH,False
600371,1,SH,False
600370,1,SH,False
600369,1,SH,False
600368,1,SH,False
600367,1,SH,False
600366,1,SH,False
600365,1,SH,False
600363,1,SH,False
600362,1,SH,False
600361,1,SH,False
600360,1,SH,False
600359,1,SH,False
600358,1,SH,False
600357,1,SH,False
600356,1,SH,False
600355,1,SH,False
600354,1,SH,False
600353,1,SH,False
600352,1,SH,False
600351,1,SH,False
600350,1,SH,False
600348,1,SH,False
600346,1,SH,False
600345,1,SH,False
600343,1,SH,False
600340,1,SH,False
600339,1,SH,False
600338,1,SH,False
600337,1,SH,False
600336,1,SH,False
600335,1,SH,False
600333,1,SH,False
600332,1,SH,False
600331,1,SH,False
600330,1,SH,False
600329,1,SH,False
600328,1,SH,False
600327,1,SH,False
600326,1,SH,False
600325,1,SH,False
600323,1,SH,False
600322,1,SH,False
600321,1,SH,False
600320,1,SH,False
600319,1,SH,False
600318,1,SH,False
600317,1,SH,False
600316,1,SH,False
600315,1,SH,False
600313,1,SH,False
600312,1,SH,False
600311,1,SH,False
600310,1,SH,False
600309,1,SH,False
600308,1,SH,False
600307,1,SH,False
600306,1,SH,False
600305,1,SH,False
600303,1,SH,False
600302,1,SH,False
600301,1,SH,False
600300,1,SH,False
600299,1,SH,False
600298,1,SH,False
600297,1,SH,False
600296,1,SH,False
600295,1,SH,False
600293,1,SH,False
600292,1,SH,False
600291,1,SH,False
600290,1,SH,False
600289,1,SH,False
600288,1,SH,False
600287,1,SH,False
600286,1,SH,False
600285,1,SH,False
600284,1,SH,False
600283,1,SH,False
600282,1,SH,False
600281,1,SH,False
600280,1,SH,False
600279,1,SH,False
600278,1,SH,False
600277,1,SH,False
600276,1,SH,False
600275,1,SH,False
600273,1,SH,False
600272,1,SH,False
600271,1,SH,False
600270,1,SH,False
600269,1,SH,False
600268,1,SH,False
600267,1,SH,False
600266,1,SH,False
600265,1,SH,False
600263,1,SH,False
600262,1,SH,False
600261,1,SH,False
600260,1,SH,False
600259,1,SH,False
600258,1,SH,False
600257,1,SH,False
600256,1,SH,False
600255,1,SH,False
600253,1,SH,False
600252,1,SH,False
600251,1,SH,False
600250,1,SH,False
600249,1,SH,False
600248,1,SH,False
600247,1,SH,False
600246,1,SH,False
600243,1,SH,False
600242,1,SH,False
600241,1,SH,False
600240,1,SH,False
600239,1,SH,False
600238,1,SH,False
600237,1,SH,False
600236,1,SH,False
600235,1,SH,False
600234,1,SH,False
600233,1,SH,False
600232,1,SH,False
600231,1,SH,False
600230,1,SH,False
600229,1,SH,False
600228,1,SH,False
600227,1,SH,False
600226,1,SH,False
600225,1,SH,False
600223,1,SH,False
600222,1,SH,False
600221,1,SH,False
600220,1,SH,False
600219,1,SH,False
600218,1,SH,False
600217,1,SH,False
600216,1,SH,False
600215,1,SH,False
600213,1,SH,False
600212,1,SH,False
600211,1,SH,False
600210,1,SH,False
600209,1,SH,False
600208,1,SH,False
600207,1,SH,False
600206,1,SH,False
600205,1,SH,False
600203,1,SH,False
600202,1,SH,False
600201,1,SH,False
600200,1,SH,False
600199,1,SH,False
600198,1,SH,False
600197,1,SH,False
600196,1,SH,False
600195,1,SH,False
600193,1,SH,False
600192,1,SH,False
600191,1,SH,False
600190,1,SH,False
600189,1,SH,False
600188,1,SH,False
600187,1,SH,False
600186,1,SH,False
600185,1,SH,False
600184,1,SH,False
600183,1,SH,False
600182,1,SH,False
600181,1,SH,False
600180,1,SH,False
600179,1,SH,False
600178,1,SH,False
600177,1,SH,False
600176,1,SH,False
600175,1,SH,False
600173,1,SH,False
600172,1,SH,False
600171,1,SH,False
600170,1,SH,False
600169,1,SH,False
600168,1,SH,False
600167,1,SH,False
600166,1,SH,False
600165,1,SH,False
600163,1,SH,False
600162,1,SH,False
600161,1,SH,False
600160,1,SH,False
600159,1,SH,False
600158,1,SH,False
600157,1,SH,False
600156,1,SH,False
600155,1,SH,False
600153,1,SH,False
600152,1,SH,False
600151,1,SH,False
600150,1,SH,False
600149,1,SH,False
600148,1,SH,False
600146,1,SH,False
600145,1,SH,False
600143,1,SH,False
600141,1,SH,False
600139,1,SH,False
600138,1,SH,False
600137,1,SH,False
600136,1,SH,False
600135,1,SH,False
600133,1,SH,False
600132,1,SH,False
600131,1,SH,False
600130,1,SH,False
600129,1,SH,False
600128,1,SH,False
600127,1,SH,False
600126,1,SH,False
600125,1,SH,False
600123,1,SH,False
600122,1,SH,False
600121,1,SH,False
600120,1,SH,False
600119,1,SH,False
600118,1,SH,False
600117,1,SH,False
600116,1,SH,False
600115,1,SH,False
600114,1,SH,False
600113,1,SH,False
600112,1,SH,False
600111,1,SH,False
600110,1,SH,False
600109,1,SH,False
600108,1,SH,False
600107,1,SH,False
600106,1,SH,False
600105,1,SH,False
600104,1,SH,False
600103,1,SH,False
600102,1,SH,False
600101,1,SH,False
600100,1,SH,False
600099,1,SH,False
600098,1,SH,False
600097,1,SH,False
600096,1,SH,False
600095,1,SH,False
600094,1,SH,False
600093,1,SH,False
600092,1,SH,False
600091,1,SH,False
600090,1,SH,False
600089,1,SH,False
600088,1,SH,False
600087,1,SH,False
600086,1,SH,False
600085,1,SH,False
600084,1,SH,False
600083,1,SH,False
600082,1,SH,False
600081,1,SH,False
600080,1,SH,False
600079,1,SH,False
600078,1,SH,False
600077,1,SH,False
600076,1,SH,False
600075,1,SH,False
600074,1,SH,False
600073,1,SH,False
600072,1,SH,False
600071,1,SH,False
600070,1,SH,False
600069,1,SH,False
600068,1,SH,False
600067,1,SH,False
600066,1,SH,False
600065,1,SH,False
600064,1,SH,False
600063,1,SH,False
600062,1,SH,False
600061,1,SH,False
600060,1,SH,False
600059,1,SH,False
600058,1,SH,False
600057,1,SH,False
600056,1,SH,False
600055,1,SH,False
600054,1,SH,False
600053,1,SH,False
600052,1,SH,False
600051,1,SH,False
600050,1,SH,False
600048,1,SH,False
600039,1,SH,False
600038,1,SH,False
600037,1,SH,False
600036,1,SH,False
600035,1,SH,False
600033,1,SH,False
600032,1,SH,False
600031,1,SH,False
600030,1,SH,False
600029,1,SH,False
600028,1,SH,False
600027,1,SH,False
600026,1,SH,False
600025,1,SH,False
600023,1,SH,False
600022,1,SH,False
600021,1,SH,False
600020,1,SH,False
600019,1,SH,False
600018,1,SH,False
600017,1,SH,False
600016,1,SH,False
600015,1,SH,False
600012,1,SH,False
600011,1,SH,False
600010,1,SH,False
600009,1,SH,False
600008,1,SH,False
600007,1,SH,False
600006,1,SH,False
600005,1,SH,False
600004,1,SH,False
600003,1,SH,False
600002,1,SH,False
600001,1,SH,False
600000,1,SH,False
302132,0,SZ,False
301678,0,SZ,False
301665,0,SZ,False
301662,0,SZ,False
301658,0,SZ,False
301636,0,SZ,False
301633,0,SZ,False
301632,0,SZ,False
301631,0,SZ,False
301630,0,SZ,False
301629,0,SZ,False
301628,0,SZ,False
301626,0,SZ,False
301622,0,SZ,False
301618,0,SZ,False
301617,0,SZ,False
301616,0,SZ,False
301613,0,SZ,False
301611,0,SZ,False
301609,0,SZ,False
301608,0,SZ,False
301607,0,SZ,False
301606,0,SZ,False
301603,0,SZ,False
301602,0,SZ,False
301601,0,SZ,False
301600,0,SZ,False
301598,0,SZ,False
301596,0,SZ,False
301595,0,SZ,False
301592,0,SZ,False
301591,0,SZ,False
301590,0,SZ,False
301589,0,SZ,False
301588,0,SZ,False
301587,0,SZ,False
301586,0,SZ,False
301585,0,SZ,False
301581,0,SZ,False
301580,0,SZ,False
301578,0,SZ,False
301577,0,SZ,False
301575,0,SZ,False
301571,0,SZ,False
301568,0,SZ,False
301567,0,SZ,False
301566,0,SZ,False
301565,0,SZ,False
301560,0,SZ,False
301559,0,SZ,False
301558,0,SZ,False
301557,0,SZ,False
301556,0,SZ,False
301555,0,SZ,False
301552,0,SZ,False
301551,0,SZ,False
301550,0,SZ,False
301548,0,SZ,False
301539,0,SZ,False
301538,0,SZ,False
301536,0,SZ,False
301535,0,SZ,False
301533,0,SZ,False
301529,0,SZ,False
301528,0,SZ,False
301526,0,SZ,False
301525,0,SZ,False
301522,0,SZ,False
301520,0,SZ,False
301519,0,SZ,False
301518,0,SZ,False
301517,0,SZ,False
301516,0,SZ,False
301515,0,SZ,False
301512,0,SZ,False
301511,0,SZ,False
301510,0,SZ,False
301509,0,SZ,False
301508,0,SZ,False
301507,0,SZ,False
301505,0,SZ,False
301503,0,SZ,False
301502,0,SZ,False
301501,0,SZ,False
301500,0,SZ,False
301499,0,SZ,False
301498,0,SZ,False
301491,0,SZ,False
301489,0,SZ,False
301488,0,SZ,False
301487,0,SZ,False
301486,0,SZ,False
301479,0,SZ,False
301469,0,SZ,False
301468,0,SZ,False
301459,0,SZ,False
301458,0,SZ,False
301456,0,SZ,False
301448,0,SZ,False
301446,0,SZ,False
301439,0,SZ,False
301429,0,SZ,False
301428,0,SZ,False
301421,0,SZ,False
301419,0,SZ,False
301418,0,SZ,False
301413,0,SZ,False
301408,0,SZ,False
301399,0,SZ,False
301398,0,SZ,False
301397,0,SZ,False
301396,0,SZ,False
301395,0,SZ,False
301393,0,SZ,False
301392,0,SZ,False
301391,0,SZ,False
301390,0,SZ,False
301389,0,SZ,False
301388,0,SZ,False
301387,0,SZ,False
301386,0,SZ,False
301383,0,SZ,False
301382,0,SZ,False
301381,0,SZ,False
301380,0,SZ,False
301379,0,SZ,False
301378,0,SZ,False
301377,0,SZ,False
301376,0,SZ,False
301373,0,SZ,False
301372,0,SZ,False
301371,0,SZ,False
301370,0,SZ,False
301369,0,SZ,False
301368,0,SZ,False
301367,0,SZ,False
301366,0,SZ,False
301365,0,SZ,False
301363,0,SZ,False
301362,0,SZ,False
301361,0,SZ,False
301360,0,SZ,False
301359,0,SZ,False
301358,0,SZ,False
301357,0,SZ,False
301356,0,SZ,False
301355,0,SZ,False
301353,0,SZ,False
301349,0,SZ,False
301348,0,SZ,False
301345,0,SZ,False
301339,0,SZ,False
301338,0,SZ,False
301337,0,SZ,False
301336,0,SZ,False
301335,0,SZ,False
301333,0,SZ,False
301332,0,SZ,False
301331,0,SZ,False
301330,0,SZ,False
301329,0,SZ,False
301328,0,SZ,False
301327,0,SZ,False
301326,0,SZ,False
301325,0,SZ,False
301323,0,SZ,False
301322,0,SZ,False
301321,0,SZ,False
301320,0,SZ,False
301319,0,SZ,False
301318,0,SZ,False
301317,0,SZ,False
301316,0,SZ,False
301315,0,SZ,False
301314,0,SZ,False
301313,0,SZ,False
301312,0,SZ,False
301311,0,SZ,False
301310,0,SZ,False
301309,0,SZ,False
301308,0,SZ,False
301307,0,SZ,False
301306,0,SZ,False
301305,0,SZ,False
301303,0,SZ,False
301302,0,SZ,False
301301,0,SZ,False
301300,0,SZ,False
301299,0,SZ,False
301298,0,SZ,False
301297,0,SZ,False
301296,0,SZ,False
301295,0,SZ,False
301293,0,SZ,False
301292,0,SZ,False
301291,0,SZ,False
301290,0,SZ,False
301289,0,SZ,False
301288,0,SZ,False
301287,0,SZ,False
301286,0,SZ,False
301285,0,SZ,False
301283,0,SZ,False
301282,0,SZ,False
301281,0,SZ,False
301280,0,SZ,False
301279,0,SZ,False
301278,0,SZ,False
301277,0,SZ,False
301276,0,SZ,False
301275,0,SZ,False
301273,0,SZ,False
301272,0,SZ,False
301270,0,SZ,False
301269,0,SZ,False
301268,0,SZ,False
301267,0,SZ,False
301266,0,SZ,False
301265,0,SZ,False
301263,0,SZ,False
301262,0,SZ,False
301261,0,SZ,False
301260,0,SZ,False
301259,0,SZ,False
301258,0,SZ,False
301257,0,SZ,False
301256,0,SZ,False
301255,0,SZ,False
301252,0,SZ,False
301251,0,SZ,False
301248,0,SZ,False
301246,0,SZ,False
301239,0,SZ,False
301238,0,SZ,False
301237,0,SZ,False
301236,0,SZ,False
301235,0,SZ,False
301234,0,SZ,False
301233,0,SZ,False
301232,0,SZ,False
301231,0,SZ,False
301230,0,SZ,False
301229,0,SZ,False
301228,0,SZ,False
301227,0,SZ,False
301226,0,SZ,False
301225,0,SZ,False
301223,0,SZ,False
301222,0,SZ,False
301221,0,SZ,False
301220,0,SZ,False
301219,0,SZ,False
301218,0,SZ,False
301217,0,SZ,False
301216,0,SZ,False
301215,0,SZ,False
301213,0,SZ,False
301212,0,SZ,False
301211,0,SZ,False
301210,0,SZ,False
301209,0,SZ,False
301208,0,SZ,False
301207,0,SZ,False
301206,0,SZ,False
301205,0,SZ,False
301203,0,SZ,False
301202,0,SZ,False
301201,0,SZ,False
301200,0,SZ,False
301199,0,SZ,False
301198,0,SZ,False
301197,0,SZ,False
301196,0,SZ,False
301195,0,SZ,False
301193,0,SZ,False
301192,0,SZ,False
301191,0,SZ,False
301190,0,SZ,False
301189,0,SZ,False
301188,0,SZ,False
301187,0,SZ,False
301186,0,SZ,False
301185,0,SZ,False
301183,0,SZ,False
301182,0,SZ,False
301181,0,SZ,False
301180,0,SZ,False
301179,0,SZ,False
301178,0,SZ,False
301177,0,SZ,False
301176,0,SZ,False
301175,0,SZ,False
301173,0,SZ,False
301172,0,SZ,False
301171,0,SZ,False
301170,0,SZ,False
301169,0,SZ,False
301168,0,SZ,False
301167,0,SZ,False
301166,0,SZ,False
301165,0,SZ,False
301163,0,SZ,False
301162,0,SZ,False
301161,0,SZ,False
301160,0,SZ,False
301159,0,SZ,False
301158,0,SZ,False
301157,0,SZ,False
301156,0,SZ,False
301155,0,SZ,False
301153,0,SZ,False
301152,0,SZ,False
301151,0,SZ,False
301150,0,SZ,False
301149,0,SZ,False
301148,0,SZ,False
301141,0,SZ,False
301139,0,SZ,False
301138,0,SZ,False
301137,0,SZ,False
301136,0,SZ,False
301135,0,SZ,False
301133,0,SZ,False
301132,0,SZ,False
301131,0,SZ,False
301130,0,SZ,False
301129,0,SZ,False
301128,0,SZ,False
301127,0,SZ,False
301126,0,SZ,False
301125,0,SZ,False
301123,0,SZ,False
301122,0,SZ,False
301121,0,SZ,False
301120,0,SZ,False
301119,0,SZ,False
301118,0,SZ,False
301117,0,SZ,False
301116,0,SZ,False
301115,0,SZ,False
301113,0,SZ,False
301112,0,SZ,False
301111,0,SZ,False
301110,0,SZ,False
301109,0,SZ,False
301108,0,SZ,False
301107,0,SZ,False
301106,0,SZ,False
301105,0,SZ,False
301103,0,SZ,False
301102,0,SZ,False
301101,0,SZ,False
301100,0,SZ,False
301099,0,SZ,False
301098,0,SZ,False
301097,0,SZ,False
301096,0,SZ,False
301095,0,SZ,False
301093,0,SZ,False
301092,0,SZ,False
301091,0,SZ,False
301090,0,SZ,False
301089,0,SZ,False
301088,0,SZ,False
301087,0,SZ,False
301086,0,SZ,False
301085,0,SZ,False
301083,0,SZ,False
301082,0,SZ,False
301081,0,SZ,False
301080,0,SZ,False
301079,0,SZ,False
301078,0,SZ,False
301077,0,SZ,False
301076,0,SZ,False
301075,0,SZ,False
301073,0,SZ,False
301072,0,SZ,False
301071,0,SZ,False
301070,0,SZ,False
301069,0,SZ,False
301068,0,SZ,False
301067,0,SZ,False
301066,0,SZ,False
301065,0,SZ,False
301063,0,SZ,False
301062,0,SZ,False
301061,0,SZ,False
301060,0,SZ,False
301059,0,SZ,False
301058,0,SZ,False
301057,0,SZ,False
301056,0,SZ,False
301055,0,SZ,False
301053,0,SZ,False
301052,0,SZ,False
301051,0,SZ,False
301050,0,SZ,False
301049,0,SZ,False
301048,0,SZ,False
301047,0,SZ,False
301046,0,SZ,False
301045,0,SZ,False
301043,0,SZ,False
301042,0,SZ,False
301041,0,SZ,False
301040,0,SZ,False
301039,0,SZ,False
301038,0,SZ,False
301037,0,SZ,False
301036,0,SZ,False
301035,0,SZ,False
301033,0,SZ,False
301032,0,SZ,False
301031,0,SZ,False
301030,0,SZ,False
301029,0,SZ,False
301028,0,SZ,False
301027,0,SZ,False
301026,0,SZ,False
301025,0,SZ,False
301024,0,SZ,False
301023,0,SZ,False
301022,0,SZ,False
301021,0,SZ,False
301020,0,SZ,False
301019,0,SZ,False
301018,0,SZ,False
301017,0,SZ,False
301016,0,SZ,False
301015,0,SZ,False
301013,0,SZ,False
301012,0,SZ,False
301011,0,SZ,False
301010,0,SZ,False
301009,0,SZ,False
301008,0,SZ,False
301007,0,SZ,False
301006,0,SZ,False
301005,0,SZ,False
301004,0,SZ,False
301003,0,SZ,False
301002,0,SZ,False
301001,0,SZ,False
301000,0,SZ,False
300999,0,SZ,False
300998,0,SZ,False
300997,0,SZ,False
300996,0,SZ,False
300995,0,SZ,False
300994,0,SZ,False
300993,0,SZ,False
300992,0,SZ,False
300991,0,SZ,False
300990,0,SZ,False
300989,0,SZ,False
300988,0,SZ,False
300987,0,SZ,False
300986,0,SZ,False
300985,0,SZ,False
300984,0,SZ,False
300983,0,SZ,False
300982,0,SZ,False
300981,0,SZ,False
300980,0,SZ,False
300979,0,SZ,False
300978,0,SZ,False
300977,0,SZ,False
300976,0,SZ,False
300975,0,SZ,False
300973,0,SZ,False
300972,0,SZ,False
300971,0,SZ,False
300970,0,SZ,False
300969,0,SZ,False
300968,0,SZ,False
300967,0,SZ,False
300966,0,SZ,False
300965,0,SZ,False
300964,0,SZ,False
300963,0,SZ,False
300962,0,SZ,False
300961,0,SZ,False
300960,0,SZ,False
300959,0,SZ,False
300958,0,SZ,False
300957,0,SZ,False
300956,0,SZ,False
300955,0,SZ,False
300953,0,SZ,False
300952,0,SZ,False
300951,0,SZ,False
300950,0,SZ,False
300949,0,SZ,False
300948,0,SZ,False
300947,0,SZ,False
300946,0,SZ,False
300945,0,SZ,False
300943,0,SZ,False
300942,0,SZ,False
300941,0,SZ,False
300940,0,SZ,False
300939,0,SZ,False
300938,0,SZ,False
300937,0,SZ,False
300936,0,SZ,False
300935,0,SZ,False
300933,0,SZ,False
300932,0,SZ,False
300931,0,SZ,False
300930,0,SZ,False
300929,0,SZ,False
300928,0,SZ,False
300927,0,SZ,False
300926,0,SZ,False
300925,0,SZ,False
300923,0,SZ,False
300922,0,SZ,False
300921,0,SZ,False
300920,0,SZ,False
300919,0,SZ,False
300918,0,SZ,False
300917,0,SZ,False
300916,0,SZ,False
300915,0,SZ,False
300913,0,SZ,False
300912,0,SZ,False
300911,0,SZ,False
300910,0,SZ,False
300909,0,SZ,False
300908,0,SZ,False
300907,0,SZ,False
300906,0,SZ,False
300905,0,SZ,False
300904,0,SZ,False
300903,0,SZ,False
300902,0,SZ,False
300901,0,SZ,False
300900,0,SZ,False
300899,0,SZ,False
300898,0,SZ,False
300897,0,SZ,False
300896,0,SZ,False
300895,0,SZ,False
300894,0,SZ,False
300893,0,SZ,False
300892,0,SZ,False
300891,0,SZ,False
300890,0,SZ,False
300889,0,SZ,False
300888,0,SZ,False
300887,0,SZ,False
300886,0,SZ,False
300885,0,SZ,False
300884,0,SZ,False
300883,0,SZ,False
300882,0,SZ,False
300881,0,SZ,False
300880,0,SZ,False
300879,0,SZ,False
300878,0,SZ,False
300877,0,SZ,False
300876,0,SZ,False
300875,0,SZ,False
300873,0,SZ,False
300872,0,SZ,False
300871,0,SZ,False
300870,0,SZ,False
300869,0,SZ,False
300868,0,SZ,False
300867,0,SZ,False
300866,0,SZ,False
300865,0,SZ,False
300864,0,SZ,False
300863,0,SZ,False
300862,0,SZ,False
300861,0,SZ,False
300860,0,SZ,False
300859,0,SZ,False
300858,0,SZ,False
300857,0,SZ,False
300856,0,SZ,False
300855,0,SZ,False
300854,0,SZ,False
300853,0,SZ,False
300852,0,SZ,False
300851,0,SZ,False
300850,0,SZ,False
300849,0,SZ,False
300848,0,SZ,False
300847,0,SZ,False
300846,0,SZ,False
300845,0,SZ,False
300844,0,SZ,False
300843,0,SZ,False
300842,0,SZ,False
300841,0,SZ,False
300840,0,SZ,False
300839,0,SZ,False
300838,0,SZ,False
300837,0,SZ,False
300836,0,SZ,False
300835,0,SZ,False
300834,0,SZ,False
300833,0,SZ,False
300832,0,SZ,False
300831,0,SZ,False
300830,0,SZ,False
300829,0,SZ,False
300828,0,SZ,False
300827,0,SZ,False
300826,0,SZ,False
300825,0,SZ,False
300824,0,SZ,False
300823,0,SZ,False
300822,0,SZ,False
300821,0,SZ,False
300820,0,SZ,False
300819,0,SZ,False
300818,0,SZ,False
300817,0,SZ,False
300816,0,SZ,False
300815,0,SZ,False
300814,0,SZ,False
300813,0,SZ,False
300812,0,SZ,False
300811,0,SZ,False
300810,0,SZ,False
300809,0,SZ,False
300808,0,SZ,False
300807,0,SZ,False
300806,0,SZ,False
300805,0,SZ,False
300804,0,SZ,False
300803,0,SZ,False
300802,0,SZ,False
300801,0,SZ,False
300800,0,SZ,False
300799,0,SZ,False
300798,0,SZ,False
300797,0,SZ,False
300796,0,SZ,False
300795,0,SZ,False
300793,0,SZ,False
300792,0,SZ,False
300791,0,SZ,False
300790,0,SZ,False
300789,0,SZ,False
300788,0,SZ,False
300787,0,SZ,False
300786,0,SZ,False
300785,0,SZ,False
300784,0,SZ,False
300783,0,SZ,False
300782,0,SZ,False
300781,0,SZ,False
300780,0,SZ,False
300779,0,SZ,False
300778,0,SZ,False
300777,0,SZ,False
300776,0,SZ,False
300775,0,SZ,False
300774,0,SZ,False
300773,0,SZ,False
300772,0,SZ,False
300771,0,SZ,False
300770,0,SZ,False
300769,0,SZ,False
300768,0,SZ,False
300767,0,SZ,False
300766,0,SZ,False
300765,0,SZ,False
300763,0,SZ,False
300762,0,SZ,False
300761,0,SZ,False
300760,0,SZ,False
300759,0,SZ,False
300758,0,SZ,False
300757,0,SZ,False
300756,0,SZ,False
300755,0,SZ,False
300753,0,SZ,False
300752,0,SZ,False
300751,0,SZ,False
300750,0,SZ,False
300749,0,SZ,False
300748,0,SZ,False
300747,0,SZ,False
300746,0,SZ,False
300745,0,SZ,False
300743,0,SZ,False
300742,0,SZ,False
300741,0,SZ,False
300740,0,SZ,False
300739,0,SZ,False
300738,0,SZ,False
300737,0,SZ,False
300736,0,SZ,False
300735,0,SZ,False
300733,0,SZ,False
300732,0,SZ,False
300731,0,SZ,False
300730,0,SZ,False
300729,0,SZ,False
300727,0,SZ,False
300726,0,SZ,False
300725,0,SZ,False
300724,0,SZ,False
300723,0,SZ,False
300722,0,SZ,False
300721,0,SZ,False
300720,0,SZ,False
300719,0,SZ,False
300718,0,SZ,False
300717,0,SZ,False
300716,0,SZ,False
300715,0,SZ,False
300713,0,SZ,False
300712,0,SZ,False
300711,0,SZ,False
300710,0,SZ,False
300709,0,SZ,False
300708,0,SZ,False
300707,0,SZ,False
300706,0,SZ,False
300705,0,SZ,False
300703,0,SZ,False
300702,0,SZ,False
300701,0,SZ,False
300700,0,SZ,False
300699,0,SZ,False
300698,0,SZ,False
300697,0,SZ,False
300696,0,SZ,False
300695,0,SZ,False
300694,0,SZ,False
300693,0,SZ,False
300692,0,SZ,False
300691,0,SZ,False
300690,0,SZ,False
300689,0,SZ,False
300688,0,SZ,False
300687,0,SZ,False
300686,0,SZ,False
300685,0,SZ,False
300684,0,SZ,False
300683,0,SZ,False
300682,0,SZ,False
300681,0,SZ,False
300680,0,SZ,False
300679,0,SZ,False
300678,0,SZ,False
300677,0,SZ,False
300676,0,SZ,False
300675,0,SZ,False
300674,0,SZ,False
300673,0,SZ,False
300672,0,SZ,False
300671,0,SZ,False
300670,0,SZ,False
300669,0,SZ,False
300668,0,SZ,False
300667,0,SZ,False
300666,0,SZ,False
300665,0,SZ,False
300664,0,SZ,False
300663,0,SZ,False
300662,0,SZ,False
300661,0,SZ,False
300660,0,SZ,False
300659,0,SZ,False
300658,0,SZ,False
300657,0,SZ,False
300656,0,SZ,False
300655,0,SZ,False
300654,0,SZ,False
300653,0,SZ,False
300652,0,SZ,False
300651,0,SZ,False
300650,0,SZ,False
300649,0,SZ,False
300648,0,SZ,False
300647,0,SZ,False
300645,0,SZ,False
300644,0,SZ,False
300643,0,SZ,False
300642,0,SZ,False
300641,0,SZ,False
300640,0,SZ,False
300639,0,SZ,False
300638,0,SZ,False
300637,0,SZ,False
300636,0,SZ,False
300635,0,SZ,False
300634,0,SZ,False
300633,0,SZ,False
300632,0,SZ,False
300631,0,SZ,False
300630,0,SZ,False
300629,0,SZ,False
300628,0,SZ,False
300627,0,SZ,False
300626,0,SZ,False
300625,0,SZ,False
300624,0,SZ,False
300623,0,SZ,False
300622,0,SZ,False
300621,0,SZ,False
300620,0,SZ,False
300619,0,SZ,False
300618,0,SZ,False
300617,0,SZ,False
300616,0,SZ,False
300615,0,SZ,False
300614,0,SZ,False
300613,0,SZ,False
300612,0,SZ,False
300611,0,SZ,False
300610,0,SZ,False
300609,0,SZ,False
300608,0,SZ,False
300607,0,SZ,False
300606,0,SZ,False
300605,0,SZ,False
300604,0,SZ,False
300603,0,SZ,False
300602,0,SZ,False
300601,0,SZ,False
300600,0,SZ,False
300599,0,SZ,False
300598,0,SZ,False
300597,0,SZ,False
300596,0,SZ,False
300595,0,SZ,False
300594,0,SZ,False
300593,0,SZ,False
300592,0,SZ,False
300591,0,SZ,False
300590,0,SZ,False
300589,0,SZ,False
300588,0,SZ,False
300587,0,SZ,False
300586,0,SZ,False
300585,0,SZ,False
300584,0,SZ,False
300583,0,SZ,False
300582,0,SZ,False
300581,0,SZ,False
300580,0,SZ,False
300579,0,SZ,False
300578,0,SZ,False
300577,0,SZ,False
300576,0,SZ,False
300575,0,SZ,False
300573,0,SZ,False
300572,0,SZ,False
300571,0,SZ,False
300570,0,SZ,False
300569,0,SZ,False
300568,0,SZ,False
300567,0,SZ,False
300566,0,SZ,False
300565,0,SZ,False
300564,0,SZ,False
300563,0,SZ,False
300562,0,SZ,False
300561,0,SZ,False
300560,0,SZ,False
300559,0,SZ,False
300558,0,SZ,False
300557,0,SZ,False
300556,0,SZ,False
300555,0,SZ,False
300554,0,SZ,False
300553,0,SZ,False
300552,0,SZ,False
300551,0,SZ,False
300550,0,SZ,False
300549,0,SZ,False
300548,0,SZ,False
300547,0,SZ,False
300546,0,SZ,False
300545,0,SZ,False
300543,0,SZ,False
300542,0,SZ,False
300541,0,SZ,False
300540,0,SZ,False
300539,0,SZ,False
300538,0,SZ,False
300537,0,SZ,False
300536,0,SZ,False
300535,0,SZ,False
300534,0,SZ,False
300533,0,SZ,False
300532,0,SZ,False
300531,0,SZ,False
300530,0,SZ,False
300529,0,SZ,False
300528,0,SZ,False
300527,0,SZ,False
300526,0,SZ,False
300525,0,SZ,False
300523,0,SZ,False
300522,0,SZ,False
300521,0,SZ,False
300520,0,SZ,False
300519,0,SZ,False
300518,0,SZ,False
300517,0,SZ,False
300516,0,SZ,False
300515,0,SZ,False
300514,0,SZ,False
300513,0,SZ,False
300512,0,SZ,False
300511,0,SZ,False
300510,0,SZ,False
300509,0,SZ,False
300508,0,SZ,False
300507,0,SZ,False
300506,0,SZ,False
300505,0,SZ,False
300504,0,SZ,False
300503,0,SZ,False
300502,0,SZ,False
300501,0,SZ,False
300500,0,SZ,False
300499,0,SZ,False
300498,0,SZ,False
300497,0,SZ,False
300496,0,SZ,False
300495,0,SZ,False
300494,0,SZ,False
300493,0,SZ,False
300492,0,SZ,False
300491,0,SZ,False
300490,0,SZ,False
300489,0,SZ,False
300488,0,SZ,False
300487,0,SZ,False
300486,0,SZ,False
300485,0,SZ,False
300484,0,SZ,False
300483,0,SZ,False
300482,0,SZ,False
300481,0,SZ,False
300480,0,SZ,False
300479,0,SZ,False
300478,0,SZ,False
300477,0,SZ,False
300476,0,SZ,False
300475,0,SZ,False
300474,0,SZ,False
300473,0,SZ,False
300472,0,SZ,False
300471,0,SZ,False
300470,0,SZ,False
300469,0,SZ,False
300468,0,SZ,False
300467,0,SZ,False
300466,0,SZ,False
300465,0,SZ,False
300464,0,SZ,False
300463,0,SZ,False
300462,0,SZ,False
300461,0,SZ,False
300460,0,SZ,False
300459,0,SZ,False
300458,0,SZ,False
300457,0,SZ,False
300456,0,SZ,False
300455,0,SZ,False
300454,0,SZ,False
300453,0,SZ,False
300452,0,SZ,False
300451,0,SZ,False
300450,0,SZ,False
300449,0,SZ,False
300448,0,SZ,False
300447,0,SZ,False
300446,0,SZ,False
300445,0,SZ,False
300444,0,SZ,False
300443,0,SZ,False
300442,0,SZ,False
300441,0,SZ,False
300440,0,SZ,False
300439,0,SZ,False
300438,0,SZ,False
300437,0,SZ,False
300436,0,SZ,False
300435,0,SZ,False
300434,0,SZ,False
300433,0,SZ,False
300432,0,SZ,False
300431,0,SZ,False
300430,0,SZ,False
300429,0,SZ,False
300428,0,SZ,False
300427,0,SZ,False
300426,0,SZ,False
300425,0,SZ,False
300424,0,SZ,False
300423,0,SZ,False
300422,0,SZ,False
300421,0,SZ,False
300420,0,SZ,False
300419,0,SZ,False
300418,0,SZ,False
300417,0,SZ,False
300416,0,SZ,False
300415,0,SZ,False
300414,0,SZ,False
300413,0,SZ,False
300412,0,SZ,False
300411,0,SZ,False
300410,0,SZ,False
300409,0,SZ,False
300408,0,SZ,False
300407,0,SZ,False
300406,0,SZ,False
300405,0,SZ,False
300404,0,SZ,False
300403,0,SZ,False
300402,0,SZ,False
300401,0,SZ,False
300400,0,SZ,False
300399,0,SZ,False
300398,0,SZ,False
300397,0,SZ,False
300396,0,SZ,False
300395,0,SZ,False
300394,0,SZ,False
300393,0,SZ,False
300392,0,SZ,False
300391,0,SZ,False
300390,0,SZ,False
300389,0,SZ,False
300388,0,SZ,False
300387,0,SZ,False
300386,0,SZ,False
300385,0,SZ,False
300384,0,SZ,False
300383,0,SZ,False
300382,0,SZ,False
300381,0,SZ,False
300380,0,SZ,False
300379,0,SZ,False
300378,0,SZ,False
300377,0,SZ,False
300376,0,SZ,False
300375,0,SZ,False
300374,0,SZ,False
300373,0,SZ,False
300372,0,SZ,False
300371,0,SZ,False
300370,0,SZ,False
300369,0,SZ,False
300368,0,SZ,False
300367,0,SZ,False
300366,0,SZ,False
300365,0,SZ,False
300364,0,SZ,False
300363,0,SZ,False
300362,0,SZ,False
300360,0,SZ,False
300359,0,SZ,False
300358,0,SZ,False
300357,0,SZ,False
300356,0,SZ,False
300355,0,SZ,False
300354,0,SZ,False
300353,0,SZ,False
300352,0,SZ,False
300351,0,SZ,False
300350,0,SZ,False
300349,0,SZ,False
300348,0,SZ,False
300347,0,SZ,False
300346,0,SZ,False
300345,0,SZ,False
300344,0,SZ,False
300343,0,SZ,False
300342,0,SZ,False
300341,0,SZ,False
300340,0,SZ,False
300339,0,SZ,False
300338,0,SZ,False
300337,0,SZ,False
300336,0,SZ,False
300335,0,SZ,False
300334,0,SZ,False
300333,0,SZ,False
300332,0,SZ,False
300331,0,SZ,False
300330,0,SZ,False
300329,0,SZ,False
300328,0,SZ,False
300327,0,SZ,False
300326,0,SZ,False
300325,0,SZ,False
300324,0,SZ,False
300323,0,SZ,False
300322,0,SZ,False
300321,0,SZ,False
300320,0,SZ,False
300319,0,SZ,False
300318,0,SZ,False
300317,0,SZ,False
300316,0,SZ,False
300315,0,SZ,False
300314,0,SZ,False
300313,0,SZ,False
300312,0,SZ,False
300311,0,SZ,False
300310,0,SZ,False
300309,0,SZ,False
300308,0,SZ,False
300307,0,SZ,False
300306,0,SZ,False
300305,0,SZ,False
300304,0,SZ,False
300303,0,SZ,False
300302,0,SZ,False
300301,0,SZ,False
300300,0,SZ,False
300299,0,SZ,False
300298,0,SZ,False
300297,0,SZ,False
300296,0,SZ,False
300295,0,SZ,False
300294,0,SZ,False
300293,0,SZ,False
300292,0,SZ,False
300291,0,SZ,False
300290,0,SZ,False
300289,0,SZ,False
300288,0,SZ,False
300287,0,SZ,False
300286,0,SZ,False
300285,0,SZ,False
300284,0,SZ,False
300283,0,SZ,False
300282,0,SZ,False
300281,0,SZ,False
300280,0,SZ,False
300279,0,SZ,False
300278,0,SZ,False
300277,0,SZ,False
300276,0,SZ,False
300275,0,SZ,False
300274,0,SZ,False
300273,0,SZ,False
300272,0,SZ,False
300271,0,SZ,False
300270,0,SZ,False
300269,0,SZ,False
300268,0,SZ,False
300267,0,SZ,False
300266,0,SZ,False
300265,0,SZ,False
300264,0,SZ,False
300263,0,SZ,False
300262,0,SZ,False
300261,0,SZ,False
300260,0,SZ,False
300259,0,SZ,False
300258,0,SZ,False
300257,0,SZ,False
300256,0,SZ,False
300255,0,SZ,False
300254,0,SZ,False
300253,0,SZ,False
300252,0,SZ,False
300251,0,SZ,False
300250,0,SZ,False
300249,0,SZ,False
300248,0,SZ,False
300247,0,SZ,False
300246,0,SZ,False
300245,0,SZ,False
300244,0,SZ,False
300243,0,SZ,False
300242,0,SZ,False
300241,0,SZ,False
300240,0,SZ,False
300239,0,SZ,False
300238,0,SZ,False
300237,0,SZ,False
300236,0,SZ,False
300235,0,SZ,False
300234,0,SZ,False
300233,0,SZ,False
300232,0,SZ,False
300231,0,SZ,False
300230,0,SZ,False
300229,0,SZ,False
300228,0,SZ,False
300227,0,SZ,False
300226,0,SZ,False
300225,0,SZ,False
300224,0,SZ,False
300223,0,SZ,False
300222,0,SZ,False
300221,0,SZ,False
300220,0,SZ,False
300219,0,SZ,False
300218,0,SZ,False
300217,0,SZ,False
300216,0,SZ,False
300215,0,SZ,False
300214,0,SZ,False
300213,0,SZ,False
300212,0,SZ,False
300211,0,SZ,False
300210,0,SZ,False
300209,0,SZ,False
300208,0,SZ,False
300207,0,SZ,False
300206,0,SZ,False
300205,0,SZ,False
300204,0,SZ,False
300203,0,SZ,False
300202,0,SZ,False
300201,0,SZ,False
300200,0,SZ,False
300199,0,SZ,False
300198,0,SZ,False
300197,0,SZ,False
300196,0,SZ,False
300195,0,SZ,False
300194,0,SZ,False
300193,0,SZ,False
300192,0,SZ,False
300191,0,SZ,False
300190,0,SZ,False
300189,0,SZ,False
300188,0,SZ,False
300187,0,SZ,False
300186,0,SZ,False
300185,0,SZ,False
300184,0,SZ,False
300183,0,SZ,False
300182,0,SZ,False
300181,0,SZ,False
300180,0,SZ,False
300179,0,SZ,False
300178,0,SZ,False
300177,0,SZ,False
300176,0,SZ,False
300175,0,SZ,False
300174,0,SZ,False
300173,0,SZ,False
300172,0,SZ,False
300171,0,SZ,False
300170,0,SZ,False
300169,0,SZ,False
300168,0,SZ,False
300167,0,SZ,False
300166,0,SZ,False
300165,0,SZ,False
300164,0,SZ,False
300163,0,SZ,False
300162,0,SZ,False
300161,0,SZ,False
300160,0,SZ,False
300159,0,SZ,False
300158,0,SZ,False
300157,0,SZ,False
300156,0,SZ,False
300155,0,SZ,False
300154,0,SZ,False
300153,0,SZ,False
300152,0,SZ,False
300151,0,SZ,False
300150,0,SZ,False
300149,0,SZ,False
300148,0,SZ,False
300147,0,SZ,False
300146,0,SZ,False
300145,0,SZ,False
300144,0,SZ,False
300143,0,SZ,False
300142,0,SZ,False
300141,0,SZ,False
300140,0,SZ,False
300139,0,SZ,False
300138,0,SZ,False
300137,0,SZ,False
300136,0,SZ,False
300135,0,SZ,False
300134,0,SZ,False
300133,0,SZ,False
300132,0,SZ,False
300131,0,SZ,False
300130,0,SZ,False
300129,0,SZ,False
300128,0,SZ,False
300127,0,SZ,False
300126,0,SZ,False
300125,0,SZ,False
300124,0,SZ,False
300123,0,SZ,False
300122,0,SZ,False
300121,0,SZ,False
300120,0,SZ,False
300119,0,SZ,False
300118,0,SZ,False
300117,0,SZ,False
300116,0,SZ,False
300115,0,SZ,False
300113,0,SZ,False
300112,0,SZ,False
300111,0,SZ,False
300110,0,SZ,False
300109,0,SZ,False
300108,0,SZ,False
300107,0,SZ,False
300106,0,SZ,False
300105,0,SZ,False
300104,0,SZ,False
300103,0,SZ,False
300102,0,SZ,False
300101,0,SZ,False
300100,0,SZ,False
300099,0,SZ,False
300098,0,SZ,False
300097,0,SZ,False
300096,0,SZ,False
300095,0,SZ,False
300094,0,SZ,False
300093,0,SZ,False
300092,0,SZ,False
300091,0,SZ,False
300090,0,SZ,False
300089,0,SZ,False
300088,0,SZ,False
300087,0,SZ,False
300086,0,SZ,False
300085,0,SZ,False
300084,0,SZ,False
300083,0,SZ,False
300082,0,SZ,False
300081,0,SZ,False
300080,0,SZ,False
300079,0,SZ,False
300078,0,SZ,False
300077,0,SZ,False
300076,0,SZ,False
300075,0,SZ,False
300074,0,SZ,False
300073,0,SZ,False
300072,0,SZ,False
300071,0,SZ,False
300070,0,SZ,False
300069,0,SZ,False
300068,0,SZ,False
300067,0,SZ,False
300066,0,SZ,False
300065,0,SZ,False
300064,0,SZ,False
300063,0,SZ,False
300062,0,SZ,False
300061,0,SZ,False
300059,0,SZ,False
300058,0,SZ,False
300057,0,SZ,False
300056,0,SZ,False
300055,0,SZ,False
300054,0,SZ,False
300053,0,SZ,False
300052,0,SZ,False
300051,0,SZ,False
300050,0,SZ,False
300049,0,SZ,False
300048,0,SZ,False
300047,0,SZ,False
300046,0,SZ,False
300045,0,SZ,False
300044,0,SZ,False
300043,0,SZ,False
300042,0,SZ,False
300041,0,SZ,False
300040,0,SZ,False
300039,0,SZ,False
300038,0,SZ,False
300037,0,SZ,False
300036,0,SZ,False
300035,0,SZ,False
300034,0,SZ,False
300033,0,SZ,False
300032,0,SZ,False
300031,0,SZ,False
300030,0,SZ,False
300029,0,SZ,False
300028,0,SZ,False
300027,0,SZ,False
300026,0,SZ,False
300025,0,SZ,False
300024,0,SZ,False
300023,0,SZ,False
300022,0,SZ,False
300021,0,SZ,False
300020,0,SZ,False
300019,0,SZ,False
300018,0,SZ,False
300017,0,SZ,False
300016,0,SZ,False
300015,0,SZ,False
300014,0,SZ,False
300013,0,SZ,False
300012,0,SZ,False
300011,0,SZ,False
300010,0,SZ,False
300009,0,SZ,False
300008,0,SZ,False
300007,0,SZ,False
300006,0,SZ,False
300005,0,SZ,False
300004,0,SZ,False
300003,0,SZ,False
300002,0,SZ,False
300001,0,SZ,False
3816,0,SZ,False
3043,0,SZ,False
3042,0,SZ,False
3041,0,SZ,False
3040,0,SZ,False
3039,0,SZ,False
3038,0,SZ,False
3037,0,SZ,False
3036,0,SZ,False
3035,0,SZ,False
3033,0,SZ,False
3032,0,SZ,False
3031,0,SZ,False
3030,0,SZ,False
3029,0,SZ,False
3028,0,SZ,False
3027,0,SZ,False
3026,0,SZ,False
3025,0,SZ,False
3023,0,SZ,False
3022,0,SZ,False
3021,0,SZ,False
3020,0,SZ,False
3019,0,SZ,False
3018,0,SZ,False
3017,0,SZ,False
3016,0,SZ,False
3015,0,SZ,False
3013,0,SZ,False
3012,0,SZ,False
3011,0,SZ,False
3010,0,SZ,False
3009,0,SZ,False
3008,0,SZ,False
3007,0,SZ,False
3006,0,SZ,False
3005,0,SZ,False
3004,0,SZ,False
3003,0,SZ,False
3002,0,SZ,False
3001,0,SZ,False
3000,0,SZ,False
2999,0,SZ,False
2998,0,SZ,False
2997,0,SZ,False
2996,0,SZ,False
2995,0,SZ,False
2993,0,SZ,False
2992,0,SZ,False
2991,0,SZ,False
2990,0,SZ,False
2989,0,SZ,False
2988,0,SZ,False
2987,0,SZ,False
2986,0,SZ,False
2985,0,SZ,False
2984,0,SZ,False
2983,0,SZ,False
2982,0,SZ,False
2981,0,SZ,False
2980,0,SZ,False
2979,0,SZ,False
2978,0,SZ,False
2977,0,SZ,False
2976,0,SZ,False
2975,0,SZ,False
2973,0,SZ,False
2972,0,SZ,False
2971,0,SZ,False
2970,0,SZ,False
2969,0,SZ,False
2968,0,SZ,False
2967,0,SZ,False
2966,0,SZ,False
2965,0,SZ,False
2963,0,SZ,False
2962,0,SZ,False
2961,0,SZ,False
2960,0,SZ,False
2959,0,SZ,False
2958,0,SZ,False
2957,0,SZ,False
2956,0,SZ,False
2955,0,SZ,False
2953,0,SZ,False
2952,0,SZ,False
2951,0,SZ,False
2950,0,SZ,False
2949,0,SZ,False
2948,0,SZ,False
2947,0,SZ,False
2946,0,SZ,False
2945,0,SZ,False
2943,0,SZ,False
2942,0,SZ,False
2941,0,SZ,False
2940,0,SZ,False
2939,0,SZ,False
2938,0,SZ,False
2937,0,SZ,False
2936,0,SZ,False
2935,0,SZ,False
2933,0,SZ,False
2932,0,SZ,False
2931,0,SZ,False
2930,0,SZ,False
2929,0,SZ,False
2928,0,SZ,False
2927,0,SZ,False
2926,0,SZ,False
2925,0,SZ,False
2923,0,SZ,False
2922,0,SZ,False
2921,0,SZ,False
2920,0,SZ,False
2919,0,SZ,False
2918,0,SZ,False
2917,0,SZ,False
2916,0,SZ,False
2915,0,SZ,False
2913,0,SZ,False
2912,0,SZ,False
2911,0,SZ,False
2910,0,SZ,False
2909,0,SZ,False
2908,0,SZ,False
2907,0,SZ,False
2906,0,SZ,False
2905,0,SZ,False
2903,0,SZ,False
2902,0,SZ,False
2901,0,SZ,False
2900,0,SZ,False
2899,0,SZ,False
2898,0,SZ,False
2897,0,SZ,False
2896,0,SZ,False
2895,0,SZ,False
2893,0,SZ,False
2892,0,SZ,False
2891,0,SZ,False
2890,0,SZ,False
2889,0,SZ,False
2888,0,SZ,False
2887,0,SZ,False
2886,0,SZ,False
2885,0,SZ,False
2884,0,SZ,False
2883,0,SZ,False
2882,0,SZ,False
2881,0,SZ,False
2880,0,SZ,False
2879,0,SZ,False
2878,0,SZ,False
2877,0,SZ,False
2876,0,SZ,False
2875,0,SZ,False
2873,0,SZ,False
2872,0,SZ,False
2871,0,SZ,False
2870,0,SZ,False
2869,0,SZ,False
2868,0,SZ,False
2867,0,SZ,False
2866,0,SZ,False
2865,0,SZ,False
2864,0,SZ,False
2863,0,SZ,False
2862,0,SZ,False
2861,0,SZ,False
2860,0,SZ,False
2859,0,SZ,False
2858,0,SZ,False
2857,0,SZ,False
2856,0,SZ,False
2855,0,SZ,False
2853,0,SZ,False
2852,0,SZ,False
2851,0,SZ,False
2850,0,SZ,False
2849,0,SZ,False
2848,0,SZ,False
2847,0,SZ,False
2846,0,SZ,False
2845,0,SZ,False
2843,0,SZ,False
2842,0,SZ,False
2841,0,SZ,False
2840,0,SZ,False
2839,0,SZ,False
2838,0,SZ,False
2837,0,SZ,False
2836,0,SZ,False
2835,0,SZ,False
2833,0,SZ,False
2832,0,SZ,False
2831,0,SZ,False
2830,0,SZ,False
2829,0,SZ,False
2828,0,SZ,False
2827,0,SZ,False
2826,0,SZ,False
2825,0,SZ,False
2824,0,SZ,False
2823,0,SZ,False
2822,0,SZ,False
2821,0,SZ,False
2820,0,SZ,False
2819,0,SZ,False
2818,0,SZ,False
2817,0,SZ,False
2816,0,SZ,False
2815,0,SZ,False
2813,0,SZ,False
2812,0,SZ,False
2811,0,SZ,False
2810,0,SZ,False
2809,0,SZ,False
2808,0,SZ,False
2807,0,SZ,False
2806,0,SZ,False
2805,0,SZ,False
2803,0,SZ,False
2802,0,SZ,False
2801,0,SZ,False
2800,0,SZ,False
2799,0,SZ,False
2798,0,SZ,False
2797,0,SZ,False
2796,0,SZ,False
2795,0,SZ,False
2793,0,SZ,False
2792,0,SZ,False
2791,0,SZ,False
2790,0,SZ,False
2789,0,SZ,False
2788,0,SZ,False
2787,0,SZ,False
2786,0,SZ,False
2785,0,SZ,False
2783,0,SZ,False
2782,0,SZ,False
2781,0,SZ,False
2780,0,SZ,False
2779,0,SZ,False
2778,0,SZ,False
2777,0,SZ,False
2776,0,SZ,False
2775,0,SZ,False
2774,0,SZ,False
2773,0,SZ,False
2772,0,SZ,False
2771,0,SZ,False
2770,0,SZ,False
2769,0,SZ,False
2768,0,SZ,False
2767,0,SZ,False
2766,0,SZ,False
2765,0,SZ,False
2763,0,SZ,False
2762,0,SZ,False
2761,0,SZ,False
2760,0,SZ,False
2759,0,SZ,False
2758,0,SZ,False
2757,0,SZ,False
2756,0,SZ,False
2755,0,SZ,False
2753,0,SZ,False
2752,0,SZ,False
2751,0,SZ,False
2750,0,SZ,False
2749,0,SZ,False
2748,0,SZ,False
2747,0,SZ,False
2746,0,SZ,False
2745,0,SZ,False
2743,0,SZ,False
2742,0,SZ,False
2741,0,SZ,False
2740,0,SZ,False
2739,0,SZ,False
2738,0,SZ,False
2737,0,SZ,False
2736,0,SZ,False
2735,0,SZ,False
2734,0,SZ,False
2733,0,SZ,False
2732,0,SZ,False
2731,0,SZ,False
2730,0,SZ,False
2729,0,SZ,False
2728,0,SZ,False
2727,0,SZ,False
2726,0,SZ,False
2725,0,SZ,False
2724,0,SZ,False
2723,0,SZ,False
2722,0,SZ,False
2721,0,SZ,False
2719,0,SZ,False
2718,0,SZ,False
2717,0,SZ,False
2716,0,SZ,False
2715,0,SZ,False
2714,0,SZ,False
2713,0,SZ,False
2712,0,SZ,False
2711,0,SZ,False
2709,0,SZ,False
2708,0,SZ,False
2707,0,SZ,False
2706,0,SZ,False
2705,0,SZ,False
2703,0,SZ,False
2702,0,SZ,False
2701,0,SZ,False
2700,0,SZ,False
2699,0,SZ,False
2698,0,SZ,False
2697,0,SZ,False
2696,0,SZ,False
2695,0,SZ,False
2694,0,SZ,False
2693,0,SZ,False
2692,0,SZ,False
2691,0,SZ,False
2690,0,SZ,False
2689,0,SZ,False
2688,0,SZ,False
2687,0,SZ,False
2686,0,SZ,False
2685,0,SZ,False
2684,0,SZ,False
2683,0,SZ,False
2682,0,SZ,False
2681,0,SZ,False
2680,0,SZ,False
2679,0,SZ,False
2678,0,SZ,False
2677,0,SZ,False
2676,0,SZ,False
2675,0,SZ,False
2674,0,SZ,False
2673,0,SZ,False
2672,0,SZ,False
2671,0,SZ,False
2670,0,SZ,False
2669,0,SZ,False
2668,0,SZ,False
2667,0,SZ,False
2666,0,SZ,False
2665,0,SZ,False
2664,0,SZ,False
2663,0,SZ,False
2662,0,SZ,False
2661,0,SZ,False
2660,0,SZ,False
2659,0,SZ,False
2658,0,SZ,False
2657,0,SZ,False
2656,0,SZ,False
2655,0,SZ,False
2654,0,SZ,False
2653,0,SZ,False
2652,0,SZ,False
2651,0,SZ,False
2650,0,SZ,False
2649,0,SZ,False
2648,0,SZ,False
2647,0,SZ,False
2646,0,SZ,False
2645,0,SZ,False
2644,0,SZ,False
2643,0,SZ,False
2642,0,SZ,False
2641,0,SZ,False
2640,0,SZ,False
2639,0,SZ,False
2638,0,SZ,False
2637,0,SZ,False
2636,0,SZ,False
2635,0,SZ,False
2634,0,SZ,False
2633,0,SZ,False
2632,0,SZ,False
2631,0,SZ,False
2630,0,SZ,False
2629,0,SZ,False
2628,0,SZ,False
2627,0,SZ,False
2626,0,SZ,False
2625,0,SZ,False
2624,0,SZ,False
2623,0,SZ,False
2622,0,SZ,False
2621,0,SZ,False
2620,0,SZ,False
2619,0,SZ,False
2618,0,SZ,False
2617,0,SZ,False
2616,0,SZ,False
2615,0,SZ,False
2614,0,SZ,False
2613,0,SZ,False
2612,0,SZ,False
2611,0,SZ,False
2610,0,SZ,False
2609,0,SZ,False
2608,0,SZ,False
2607,0,SZ,False
2606,0,SZ,False
2605,0,SZ,False
2604,0,SZ,False
2603,0,SZ,False
2602,0,SZ,False
2601,0,SZ,False
2600,0,SZ,False
2599,0,SZ,False
2598,0,SZ,False
2597,0,SZ,False
2596,0,SZ,False
2595,0,SZ,False
2594,0,SZ,False
2593,0,SZ,False
2592,0,SZ,False
2591,0,SZ,False
2590,0,SZ,False
2589,0,SZ,False
2588,0,SZ,False
2587,0,SZ,False
2586,0,SZ,False
2585,0,SZ,False
2584,0,SZ,False
2583,0,SZ,False
2582,0,SZ,False
2581,0,SZ,False
2580,0,SZ,False
2579,0,SZ,False
2578,0,SZ,False
2577,0,SZ,False
2576,0,SZ,False
2575,0,SZ,False
2574,0,SZ,False
2573,0,SZ,False
2572,0,SZ,False
2571,0,SZ,False
2570,0,SZ,False
2569,0,SZ,False
2568,0,SZ,False
2567,0,SZ,False
2566,0,SZ,False
2565,0,SZ,False
2564,0,SZ,False
2563,0,SZ,False
2562,0,SZ,False
2561,0,SZ,False
2560,0,SZ,False
2559,0,SZ,False
2558,0,SZ,False
2557,0,SZ,False
2556,0,SZ,False
2555,0,SZ,False
2554,0,SZ,False
2553,0,SZ,False
2552,0,SZ,False
2551,0,SZ,False
2550,0,SZ,False
2549,0,SZ,False
2548,0,SZ,False
2547,0,SZ,False
2546,0,SZ,False
2545,0,SZ,False
2544,0,SZ,False
2543,0,SZ,False
2542,0,SZ,False
2541,0,SZ,False
2540,0,SZ,False
2539,0,SZ,False
2538,0,SZ,False
2537,0,SZ,False
2536,0,SZ,False
2535,0,SZ,False
2534,0,SZ,False
2533,0,SZ,False
2532,0,SZ,False
2531,0,SZ,False
2530,0,SZ,False
2529,0,SZ,False
2528,0,SZ,False
2527,0,SZ,False
2526,0,SZ,False
2524,0,SZ,False
2523,0,SZ,False
2522,0,SZ,False
2521,0,SZ,False
2520,0,SZ,False
2519,0,SZ,False
2518,0,SZ,False
2517,0,SZ,False
2516,0,SZ,False
2515,0,SZ,False
2514,0,SZ,False
2513,0,SZ,False
2512,0,SZ,False
2511,0,SZ,False
2510,0,SZ,False
2509,0,SZ,False
2508,0,SZ,False
2507,0,SZ,False
2506,0,SZ,False
2505,0,SZ,False
2504,0,SZ,False
2503,0,SZ,False
2502,0,SZ,False
2501,0,SZ,False
2500,0,SZ,False
2499,0,SZ,False
2498,0,SZ,False
2497,0,SZ,False
2496,0,SZ,False
2495,0,SZ,False
2494,0,SZ,False
2493,0,SZ,False
2492,0,SZ,False
2491,0,SZ,False
2490,0,SZ,False
2489,0,SZ,False
2488,0,SZ,False
2487,0,SZ,False
2486,0,SZ,False
2485,0,SZ,False
2484,0,SZ,False
2483,0,SZ,False
2482,0,SZ,False
2481,0,SZ,False
2480,0,SZ,False
2479,0,SZ,False
2478,0,SZ,False
2477,0,SZ,False
2476,0,SZ,False
2475,0,SZ,False
2474,0,SZ,False
2473,0,SZ,False
2472,0,SZ,False
2471,0,SZ,False
2470,0,SZ,False
2469,0,SZ,False
2468,0,SZ,False
2467,0,SZ,False
2466,0,SZ,False
2465,0,SZ,False
2464,0,SZ,False
2463,0,SZ,False
2462,0,SZ,False
2461,0,SZ,False
2460,0,SZ,False
2459,0,SZ,False
2458,0,SZ,False
2457,0,SZ,False
2456,0,SZ,False
2455,0,SZ,False
2454,0,SZ,False
2453,0,SZ,False
2452,0,SZ,False
2451,0,SZ,False
2450,0,SZ,False
2449,0,SZ,False
2448,0,SZ,False
2447,0,SZ,False
2446,0,SZ,False
2445,0,SZ,False
2444,0,SZ,False
2443,0,SZ,False
2442,0,SZ,False
2441,0,SZ,False
2440,0,SZ,False
2439,0,SZ,False
2438,0,SZ,False
2437,0,SZ,False
2436,0,SZ,False
2435,0,SZ,False
2434,0,SZ,False
2433,0,SZ,False
2432,0,SZ,False
2431,0,SZ,False
2430,0,SZ,False
2429,0,SZ,False
2428,0,SZ,False
2427,0,SZ,False
2426,0,SZ,False
2425,0,SZ,False
2424,0,SZ,False
2423,0,SZ,False
2422,0,SZ,False
2421,0,SZ,False
2420,0,SZ,False
2419,0,SZ,False
2418,0,SZ,False
2417,0,SZ,False
2416,0,SZ,False
2415,0,SZ,False
2414,0,SZ,False
2413,0,SZ,False
2412,0,SZ,False
2411,0,SZ,False
2410,0,SZ,False
2409,0,SZ,False
2408,0,SZ,False
2407,0,SZ,False
2406,0,SZ,False
2405,0,SZ,False
2404,0,SZ,False
2403,0,SZ,False
2402,0,SZ,False
2401,0,SZ,False
2400,0,SZ,False
2399,0,SZ,False
2398,0,SZ,False
2397,0,SZ,False
2396,0,SZ,False
2395,0,SZ,False
2394,0,SZ,False
2393,0,SZ,False
2392,0,SZ,False
2391,0,SZ,False
2390,0,SZ,False
2389,0,SZ,False
2388,0,SZ,False
2387,0,SZ,False
2386,0,SZ,False
2385,0,SZ,False
2384,0,SZ,False
2383,0,SZ,False
2382,0,SZ,False
2381,0,SZ,False
2380,0,SZ,False
2379,0,SZ,False
2378,0,SZ,False
2377,0,SZ,False
2376,0,SZ,False
2375,0,SZ,False
2374,0,SZ,False
2373,0,SZ,False
2372,0,SZ,False
2371,0,SZ,False
2370,0,SZ,False
2369,0,SZ,False
2368,0,SZ,False
2367,0,SZ,False
2366,0,SZ,False
2365,0,SZ,False
2364,0,SZ,False
2363,0,SZ,False
2362,0,SZ,False
2361,0,SZ,False
2360,0,SZ,False
2359,0,SZ,False
2358,0,SZ,False
2357,0,SZ,False
2356,0,SZ,False
2355,0,SZ,False
2354,0,SZ,False
2353,0,SZ,False
2352,0,SZ,False
2351,0,SZ,False
2350,0,SZ,False
2349,0,SZ,False
2348,0,SZ,False
2347,0,SZ,False
2346,0,SZ,False
2345,0,SZ,False
2344,0,SZ,False
2343,0,SZ,False
2342,0,SZ,False
2341,0,SZ,False
2340,0,SZ,False
2339,0,SZ,False
2338,0,SZ,False
2337,0,SZ,False
2336,0,SZ,False
2335,0,SZ,False
2334,0,SZ,False
2333,0,SZ,False
2332,0,SZ,False
2331,0,SZ,False
2330,0,SZ,False
2329,0,SZ,False
2328,0,SZ,False
2327,0,SZ,False
2326,0,SZ,False
2325,0,SZ,False
2324,0,SZ,False
2323,0,SZ,False
2322,0,SZ,False
2321,0,SZ,False
2320,0,SZ,False
2319,0,SZ,False
2318,0,SZ,False
2317,0,SZ,False
2316,0,SZ,False
2315,0,SZ,False
2314,0,SZ,False
2313,0,SZ,False
2312,0,SZ,False
2311,0,SZ,False
2310,0,SZ,False
2309,0,SZ,False
2308,0,SZ,False
2307,0,SZ,False
2306,0,SZ,False
2305,0,SZ,False
2304,0,SZ,False
2303,0,SZ,False
2302,0,SZ,False
2301,0,SZ,False
2300,0,SZ,False
2299,0,SZ,False
2298,0,SZ,False
2297,0,SZ,False
2296,0,SZ,False
2295,0,SZ,False
2294,0,SZ,False
2293,0,SZ,False
2292,0,SZ,False
2291,0,SZ,False
2290,0,SZ,False
2289,0,SZ,False
2288,0,SZ,False
2287,0,SZ,False
2286,0,SZ,False
2285,0,SZ,False
2284,0,SZ,False
2283,0,SZ,False
2282,0,SZ,False
2281,0,SZ,False
2280,0,SZ,False
2279,0,SZ,False
2278,0,SZ,False
2277,0,SZ,False
2276,0,SZ,False
2275,0,SZ,False
2274,0,SZ,False
2273,0,SZ,False
2272,0,SZ,False
2271,0,SZ,False
2270,0,SZ,False
2269,0,SZ,False
2268,0,SZ,False
2267,0,SZ,False
2266,0,SZ,False
2265,0,SZ,False
2264,0,SZ,False
2263,0,SZ,False
2262,0,SZ,False
2261,0,SZ,False
2260,0,SZ,False
2259,0,SZ,False
2258,0,SZ,False
2256,0,SZ,False
2255,0,SZ,False
2254,0,SZ,False
2253,0,SZ,False
2252,0,SZ,False
2251,0,SZ,False
2250,0,SZ,False
2249,0,SZ,False
2248,0,SZ,False
2247,0,SZ,False
2246,0,SZ,False
2245,0,SZ,False
2244,0,SZ,False
2243,0,SZ,False
2242,0,SZ,False
2241,0,SZ,False
2240,0,SZ,False
2239,0,SZ,False
2238,0,SZ,False
2237,0,SZ,False
2236,0,SZ,False
2235,0,SZ,False
2234,0,SZ,False
2233,0,SZ,False
2232,0,SZ,False
2231,0,SZ,False
2230,0,SZ,False
2229,0,SZ,False
2228,0,SZ,False
2227,0,SZ,False
2226,0,SZ,False
2225,0,SZ,False
2224,0,SZ,False
2223,0,SZ,False
2222,0,SZ,False
2221,0,SZ,False
2220,0,SZ,False
2219,0,SZ,False
2218,0,SZ,False
2217,0,SZ,False
2216,0,SZ,False
2215,0,SZ,False
2214,0,SZ,False
2213,0,SZ,False
2212,0,SZ,False
2211,0,SZ,False
2210,0,SZ,False
2209,0,SZ,False
2208,0,SZ,False
2207,0,SZ,False
2206,0,SZ,False
2205,0,SZ,False
2204,0,SZ,False
2203,0,SZ,False
2202,0,SZ,False
2201,0,SZ,False
2200,0,SZ,False
2199,0,SZ,False
2198,0,SZ,False
2197,0,SZ,False
2196,0,SZ,False
2195,0,SZ,False
2194,0,SZ,False
2193,0,SZ,False
2192,0,SZ,False
2191,0,SZ,False
2190,0,SZ,False
2189,0,SZ,False
2188,0,SZ,False
2187,0,SZ,False
2186,0,SZ,False
2185,0,SZ,False
2184,0,SZ,False
2183,0,SZ,False
2182,0,SZ,False
2181,0,SZ,False
2180,0,SZ,False
2179,0,SZ,False
2178,0,SZ,False
2177,0,SZ,False
2176,0,SZ,False
2175,0,SZ,False
2174,0,SZ,False
2173,0,SZ,False
2172,0,SZ,False
2171,0,SZ,False
2170,0,SZ,False
2169,0,SZ,False
2168,0,SZ,False
2167,0,SZ,False
2166,0,SZ,False
2165,0,SZ,False
2164,0,SZ,False
2163,0,SZ,False
2162,0,SZ,False
2161,0,SZ,False
2160,0,SZ,False
2159,0,SZ,False
2158,0,SZ,False
2157,0,SZ,False
2156,0,SZ,False
2155,0,SZ,False
2154,0,SZ,False
2153,0,SZ,False
2152,0,SZ,False
2151,0,SZ,False
2150,0,SZ,False
2149,0,SZ,False
2148,0,SZ,False
2147,0,SZ,False
2146,0,SZ,False
2145,0,SZ,False
2144,0,SZ,False
2143,0,SZ,False
2142,0,SZ,False
2141,0,SZ,False
2140,0,SZ,False
2139,0,SZ,False
2138,0,SZ,False
2137,0,SZ,False
2136,0,SZ,False
2135,0,SZ,False
2134,0,SZ,False
2133,0,SZ,False
2132,0,SZ,False
2131,0,SZ,False
2130,0,SZ,False
2129,0,SZ,False
2128,0,SZ,False
2127,0,SZ,False
2126,0,SZ,False
2125,0,SZ,False
2124,0,SZ,False
2123,0,SZ,False
2122,0,SZ,False
2121,0,SZ,False
2120,0,SZ,False
2119,0,SZ,False
2118,0,SZ,False
2117,0,SZ,False
2116,0,SZ,False
2115,0,SZ,False
2114,0,SZ,False
2113,0,SZ,False
2112,0,SZ,False
2111,0,SZ,False
2110,0,SZ,False
2109,0,SZ,False
2108,0,SZ,False
2107,0,SZ,False
2106,0,SZ,False
2105,0,SZ,False
2104,0,SZ,False
2103,0,SZ,False
2102,0,SZ,False
2101,0,SZ,False
2100,0,SZ,False
2099,0,SZ,False
2098,0,SZ,False
2097,0,SZ,False
2096,0,SZ,False
2095,0,SZ,False
2094,0,SZ,False
2093,0,SZ,False
2092,0,SZ,False
2091,0,SZ,False
2090,0,SZ,False
2089,0,SZ,False
2088,0,SZ,False
2087,0,SZ,False
2086,0,SZ,False
2085,0,SZ,False
2084,0,SZ,False
2083,0,SZ,False
2082,0,SZ,False
2081,0,SZ,False
2080,0,SZ,False
2079,0,SZ,False
2078,0,SZ,False
2077,0,SZ,False
2076,0,SZ,False
2075,0,SZ,False
2074,0,SZ,False
2073,0,SZ,False
2072,0,SZ,False
2071,0,SZ,False
2070,0,SZ,False
2069,0,SZ,False
2068,0,SZ,False
2067,0,SZ,False
2066,0,SZ,False
2065,0,SZ,False
2064,0,SZ,False
2063,0,SZ,False
2062,0,SZ,False
2061,0,SZ,False
2060,0,SZ,False
2059,0,SZ,False
2058,0,SZ,False
2057,0,SZ,False
2056,0,SZ,False
2055,0,SZ,False
2054,0,SZ,False
2053,0,SZ,False
2052,0,SZ,False
2051,0,SZ,False
2050,0,SZ,False
2049,0,SZ,False
2048,0,SZ,False
2047,0,SZ,False
2046,0,SZ,False
2045,0,SZ,False
2044,0,SZ,False
2043,0,SZ,False
2042,0,SZ,False
2041,0,SZ,False
2040,0,SZ,False
2039,0,SZ,False
2038,0,SZ,False
2037,0,SZ,False
2036,0,SZ,False
2035,0,SZ,False
2034,0,SZ,False
2033,0,SZ,False
2032,0,SZ,False
2031,0,SZ,False
2030,0,SZ,False
2029,0,SZ,False
2028,0,SZ,False
2027,0,SZ,False
2026,0,SZ,False
2025,0,SZ,False
2024,0,SZ,False
2023,0,SZ,False
2022,0,SZ,False
2021,0,SZ,False
2020,0,SZ,False
2019,0,SZ,False
2018,0,SZ,False
2017,0,SZ,False
2016,0,SZ,False
2015,0,SZ,False
2014,0,SZ,False
2013,0,SZ,False
2012,0,SZ,False
2011,0,SZ,False
2010,0,SZ,False
2009,0,SZ,False
2008,0,SZ,False
2007,0,SZ,False
2006,0,SZ,False
2005,0,SZ,False
2004,0,SZ,False
2003,0,SZ,False
2002,0,SZ,False
2001,0,SZ,False
1979,0,SZ,False
1965,0,SZ,False
1914,0,SZ,False
1896,0,SZ,False
1872,0,SZ,False
1696,0,SZ,False
1400,0,SZ,False
1395,0,SZ,False
1391,0,SZ,False
1390,0,SZ,False
1389,0,SZ,False
1388,0,SZ,False
1387,0,SZ,False
1382,0,SZ,False
1380,0,SZ,False
1379,0,SZ,False
1378,0,SZ,False
1376,0,SZ,False
1373,0,SZ,False
1368,0,SZ,False
1367,0,SZ,False
1366,0,SZ,False
1360,0,SZ,False
1359,0,SZ,False
1358,0,SZ,False
1356,0,SZ,False
1339,0,SZ,False
1338,0,SZ,False
1337,0,SZ,False
1336,0,SZ,False
1335,0,SZ,False
1333,0,SZ,False
1332,0,SZ,False
1331,0,SZ,False
1330,0,SZ,False
1328,0,SZ,False
1326,0,SZ,False
1324,0,SZ,False
1323,0,SZ,False
1322,0,SZ,False
1319,0,SZ,False
1318,0,SZ,False
1317,0,SZ,False
1316,0,SZ,False
1314,0,SZ,False
1313,0,SZ,False
1311,0,SZ,False
1309,0,SZ,False
1308,0,SZ,False
1306,0,SZ,False
1301,0,SZ,False
1300,0,SZ,False
1299,0,SZ,False
1298,0,SZ,False
1296,0,SZ,False
1289,0,SZ,False
1288,0,SZ,False
1287,0,SZ,False
1286,0,SZ,False
1283,0,SZ,False
1282,0,SZ,False
1279,0,SZ,False
1278,0,SZ,False
1277,0,SZ,False
1270,0,SZ,False
1269,0,SZ,False
1268,0,SZ,False
1267,0,SZ,False
1266,0,SZ,False
1260,0,SZ,False
1259,0,SZ,False
1258,0,SZ,False
1256,0,SZ,False
1255,0,SZ,False
1239,0,SZ,False
1238,0,SZ,False
1236,0,SZ,False
1234,0,SZ,False
1231,0,SZ,False
1230,0,SZ,False
1229,0,SZ,False
1228,0,SZ,False
1227,0,SZ,False
1226,0,SZ,False
1225,0,SZ,False
1223,0,SZ,False
1222,0,SZ,False
1221,0,SZ,False
1219,0,SZ,False
1218,0,SZ,False
1217,0,SZ,False
1216,0,SZ,False
1215,0,SZ,False
1213,0,SZ,False
1212,0,SZ,False
1211,0,SZ,False
1210,0,SZ,False
1209,0,SZ,False
1208,0,SZ,False
1207,0,SZ,False
1206,0,SZ,False
1205,0,SZ,False
1203,0,SZ,False
1202,0,SZ,False
1201,0,SZ,False
999,0,SZ,False
998,0,SZ,False
997,0,SZ,False
996,0,SZ,False
995,0,SZ,False
993,0,SZ,False
990,0,SZ,False
989,0,SZ,False
988,0,SZ,False
987,0,SZ,False
985,0,SZ,False
983,0,SZ,False
982,0,SZ,False
981,0,SZ,False
980,0,SZ,False
979,0,SZ,False
978,0,SZ,False
977,0,SZ,False
976,0,SZ,False
975,0,SZ,False
973,0,SZ,False
972,0,SZ,False
971,0,SZ,False
970,0,SZ,False
969,0,SZ,False
968,0,SZ,False
967,0,SZ,False
966,0,SZ,False
965,0,SZ,False
963,0,SZ,False
962,0,SZ,False
961,0,SZ,False
960,0,SZ,False
959,0,SZ,False
958,0,SZ,False
957,0,SZ,False
956,0,SZ,False
955,0,SZ,False
953,0,SZ,False
952,0,SZ,False
951,0,SZ,False
950,0,SZ,False
949,0,SZ,False
948,0,SZ,False
939,0,SZ,False
938,0,SZ,False
937,0,SZ,False
936,0,SZ,False
935,0,SZ,False
933,0,SZ,False
932,0,SZ,False
931,0,SZ,False
930,0,SZ,False
929,0,SZ,False
928,0,SZ,False
927,0,SZ,False
926,0,SZ,False
925,0,SZ,False
923,0,SZ,False
922,0,SZ,False
921,0,SZ,False
920,0,SZ,False
919,0,SZ,False
918,0,SZ,False
917,0,SZ,False
916,0,SZ,False
915,0,SZ,False
913,0,SZ,False
912,0,SZ,False
911,0,SZ,False
910,0,SZ,False
909,0,SZ,False
908,0,SZ,False
906,0,SZ,False
905,0,SZ,False
903,0,SZ,False
902,0,SZ,False
901,0,SZ,False
900,0,SZ,False
899,0,SZ,False
898,0,SZ,False
897,0,SZ,False
895,0,SZ,False
893,0,SZ,False
892,0,SZ,False
890,0,SZ,False
889,0,SZ,False
888,0,SZ,False
887,0,SZ,False
886,0,SZ,False
885,0,SZ,False
883,0,SZ,False
882,0,SZ,False
881,0,SZ,False
880,0,SZ,False
878,0,SZ,False
877,0,SZ,False
876,0,SZ,False
875,0,SZ,False
869,0,SZ,False
868,0,SZ,False
866,0,SZ,False
863,0,SZ,False
862,0,SZ,False
861,0,SZ,False
860,0,SZ,False
859,0,SZ,False
858,0,SZ,False
856,0,SZ,False
852,0,SZ,False
851,0,SZ,False
850,0,SZ,False
848,0,SZ,False
839,0,SZ,False
838,0,SZ,False
837,0,SZ,False
836,0,SZ,False
835,0,SZ,False
833,0,SZ,False
832,0,SZ,False
831,0,SZ,False
830,0,SZ,False
829,0,SZ,False
828,0,SZ,False
827,0,SZ,False
826,0,SZ,False
825,0,SZ,False
823,0,SZ,False
822,0,SZ,False
821,0,SZ,False
820,0,SZ,False
819,0,SZ,False
818,0,SZ,False
817,0,SZ,False
816,0,SZ,False
815,0,SZ,False
813,0,SZ,False
812,0,SZ,False
811,0,SZ,False
810,0,SZ,False
809,0,SZ,False
807,0,SZ,False
806,0,SZ,False
805,0,SZ,False
803,0,SZ,False
802,0,SZ,False
801,0,SZ,False
800,0,SZ,False
799,0,SZ,False
798,0,SZ,False
797,0,SZ,False
796,0,SZ,False
795,0,SZ,False
793,0,SZ,False
792,0,SZ,False
791,0,SZ,False
790,0,SZ,False
789,0,SZ,False
788,0,SZ,False
787,0,SZ,False
786,0,SZ,False
785,0,SZ,False
783,0,SZ,False
782,0,SZ,False
780,0,SZ,False
779,0,SZ,False
778,0,SZ,False
777,0,SZ,False
776,0,SZ,False
769,0,SZ,False
768,0,SZ,False
767,0,SZ,False
766,0,SZ,False
765,0,SZ,False
763,0,SZ,False
762,0,SZ,False
761,0,SZ,False
760,0,SZ,False
759,0,SZ,False
758,0,SZ,False
757,0,SZ,False
756,0,SZ,False
755,0,SZ,False
753,0,SZ,False
752,0,SZ,False
751,0,SZ,False
750,0,SZ,False
748,0,SZ,False
739,0,SZ,False
738,0,SZ,False
737,0,SZ,False
736,0,SZ,False
735,0,SZ,False
733,0,SZ,False
732,0,SZ,False
731,0,SZ,False
730,0,SZ,False
729,0,SZ,False
728,0,SZ,False
727,0,SZ,False
726,0,SZ,False
725,0,SZ,False
723,0,SZ,False
722,0,SZ,False
721,0,SZ,False
720,0,SZ,False
719,0,SZ,False
718,0,SZ,False
717,0,SZ,False
716,0,SZ,False
715,0,SZ,False
713,0,SZ,False
712,0,SZ,False
711,0,SZ,False
710,0,SZ,False
709,0,SZ,False
708,0,SZ,False
707,0,SZ,False
705,0,SZ,False
703,0,SZ,False
702,0,SZ,False
701,0,SZ,False
700,0,SZ,False
699,0,SZ,False
698,0,SZ,False
697,0,SZ,False
695,0,SZ,False
693,0,SZ,False
692,0,SZ,False
691,0,SZ,False
690,0,SZ,False
689,0,SZ,False
688,0,SZ,False
687,0,SZ,False
686,0,SZ,False
685,0,SZ,False
683,0,SZ,False
682,0,SZ,False
681,0,SZ,False
680,0,SZ,False
679,0,SZ,False
678,0,SZ,False
677,0,SZ,False
676,0,SZ,False
675,0,SZ,False
673,0,SZ,False
672,0,SZ,False
671,0,SZ,False
670,0,SZ,False
669,0,SZ,False
668,0,SZ,False
667,0,SZ,False
666,0,SZ,False
665,0,SZ,False
663,0,SZ,False
662,0,SZ,False
661,0,SZ,False
660,0,SZ,False
659,0,SZ,False
658,0,SZ,False
657,0,SZ,False
656,0,SZ,False
655,0,SZ,False
653,0,SZ,False
652,0,SZ,False
651,0,SZ,False
650,0,SZ,False
639,0,SZ,False
638,0,SZ,False
637,0,SZ,False
636,0,SZ,False
635,0,SZ,False
633,0,SZ,False
632,0,SZ,False
631,0,SZ,False
630,0,SZ,False
629,0,SZ,False
628,0,SZ,False
627,0,SZ,False
626,0,SZ,False
625,0,SZ,False
623,0,SZ,False
622,0,SZ,False
621,0,SZ,False
620,0,SZ,False
619,0,SZ,False
618,0,SZ,False
617,0,SZ,False
616,0,SZ,False
615,0,SZ,False
613,0,SZ,False
612,0,SZ,False
611,0,SZ,False
610,0,SZ,False
609,0,SZ,False
608,0,SZ,False
607,0,SZ,False
606,0,SZ,False
605,0,SZ,False
603,0,SZ,False
602,0,SZ,False
601,0,SZ,False
600,0,SZ,False
599,0,SZ,False
598,0,SZ,False
597,0,SZ,False
596,0,SZ,False
595,0,SZ,False
594,0,SZ,False
593,0,SZ,False
592,0,SZ,False
591,0,SZ,False
590,0,SZ,False
589,0,SZ,False
588,0,SZ,False
587,0,SZ,False
586,0,SZ,False
585,0,SZ,False
584,0,SZ,False
583,0,SZ,False
582,0,SZ,False
581,0,SZ,False
578,0,SZ,False
576,0,SZ,False
573,0,SZ,False
572,0,SZ,False
571,0,SZ,False
570,0,SZ,False
569,0,SZ,False
568,0,SZ,False
567,0,SZ,False
566,0,SZ,False
565,0,SZ,False
564,0,SZ,False
563,0,SZ,False
562,0,SZ,False
561,0,SZ,False
560,0,SZ,False
559,0,SZ,False
558,0,SZ,False
557,0,SZ,False
556,0,SZ,False
555,0,SZ,False
554,0,SZ,False
553,0,SZ,False
552,0,SZ,False
551,0,SZ,False
550,0,SZ,False
549,0,SZ,False
548,0,SZ,False
547,0,SZ,False
546,0,SZ,False
545,0,SZ,False
544,0,SZ,False
543,0,SZ,False
542,0,SZ,False
541,0,SZ,False
540,0,SZ,False
539,0,SZ,False
538,0,SZ,False
537,0,SZ,False
536,0,SZ,False
535,0,SZ,False
534,0,SZ,False
533,0,SZ,False
532,0,SZ,False
531,0,SZ,False
530,0,SZ,False
529,0,SZ,False
528,0,SZ,False
527,0,SZ,False
526,0,SZ,False
525,0,SZ,False
524,0,SZ,False
523,0,SZ,False
522,0,SZ,False
521,0,SZ,False
520,0,SZ,False
519,0,SZ,False
518,0,SZ,False
517,0,SZ,False
516,0,SZ,False
515,0,SZ,False
514,0,SZ,False
513,0,SZ,False
511,0,SZ,False
510,0,SZ,False
509,0,SZ,False
508,0,SZ,False
507,0,SZ,False
506,0,SZ,False
505,0,SZ,False
504,0,SZ,False
503,0,SZ,False
502,0,SZ,False
501,0,SZ,False
498,0,SZ,False
488,0,SZ,False
430,0,SZ,False
429,0,SZ,False
428,0,SZ,False
426,0,SZ,False
425,0,SZ,False
423,0,SZ,False
422,0,SZ,False
421,0,SZ,False
420,0,SZ,False
419,0,SZ,False
418,0,SZ,False
417,0,SZ,False
416,0,SZ,False
415,0,SZ,False
413,0,SZ,False
412,0,SZ,False
411,0,SZ,False
410,0,SZ,False
409,0,SZ,False
408,0,SZ,False
407,0,SZ,False
406,0,SZ,False
405,0,SZ,False
404,0,SZ,False
403,0,SZ,False
402,0,SZ,False
401,0,SZ,False
400,0,SZ,False
338,0,SZ,False
333,0,SZ,False
301,0,SZ,False
166,0,SZ,False
159,0,SZ,False
158,0,SZ,False
157,0,SZ,False
156,0,SZ,False
155,0,SZ,False
153,0,SZ,False
151,0,SZ,False
150,0,SZ,False
100,0,SZ,False
99,0,SZ,False
96,0,SZ,False
90,0,SZ,False
89,0,SZ,False
88,0,SZ,False
78,0,SZ,False
70,0,SZ,False
69,0,SZ,False
68,0,SZ,False
66,0,SZ,False
65,0,SZ,False
63,0,SZ,False
62,0,SZ,False
61,0,SZ,False
60,0,SZ,False
59,0,SZ,False
58,0,SZ,False
56,0,SZ,False
55,0,SZ,False
50,0,SZ,False
49,0,SZ,False
48,0,SZ,False
47,0,SZ,False
46,0,SZ,False
45,0,SZ,False
42,0,SZ,False
40,0,SZ,False
39,0,SZ,False
38,0,SZ,False
37,0,SZ,False
36,0,SZ,False
35,0,SZ,False
34,0,SZ,False
33,0,SZ,False
32,0,SZ,False
31,0,SZ,False
30,0,SZ,False
29,0,SZ,False
28,0,SZ,False
27,0,SZ,False
26,0,SZ,False
25,0,SZ,False
24,0,SZ,False
23,0,SZ,False
21,0,SZ,False
20,0,SZ,False
19,0,SZ,False
18,0,SZ,False
17,0,SZ,False
16,0,SZ,False
15,0,SZ,False
14,0,SZ,False
13,0,SZ,False
12,0,SZ,False
11,0,SZ,False
10,0,SZ,False
9,0,SZ,False
8,0,SZ,False
7,0,SZ,False
6,0,SZ,False
5,0,SZ,False
4,0,SZ,False
3,0,SZ,False
2,0,SZ,False
1,0,SZ,False
920819,0,BJ,False
920799,0,BJ,False
920682,0,BJ,False
920489,0,BJ,False
920445,0,BJ,False
920167,0,BJ,False
920128,0,BJ,False
920118,0,BJ,False
920116,0,BJ,False
920112,0,BJ,False
920111,0,BJ,False
920108,0,BJ,False
920106,0,BJ,False
920101,0,BJ,False
920099,0,BJ,False
920098,0,BJ,False
920088,0,BJ,False
920082,0,BJ,False
920068,0,BJ,False
920066,0,BJ,False
920060,0,BJ,False
920056,0,BJ,False
920037,0,BJ,False
920029,0,BJ,False
920027,0,BJ,False
920019,0,BJ,False
920018,0,BJ,False
920016,0,BJ,False
920008,0,BJ,False
920007,0,BJ,False
920005,0,BJ,False
920002,0,BJ,False
873833,0,BJ,False
873806,0,BJ,False
873726,0,BJ,False
873706,0,BJ,False
873703,0,BJ,False
873693,0,BJ,False
873690,0,BJ,False
873679,0,BJ,False
873665,0,BJ,False
873593,0,BJ,False
873576,0,BJ,False
873570,0,BJ,False
873527,0,BJ,False
873339,0,BJ,False
873305,0,BJ,False
873223,0,BJ,False
873169,0,BJ,False
873167,0,BJ,False
873152,0,BJ,False
873132,0,BJ,False
873122,0,BJ,False
873001,0,BJ,False
872953,0,BJ,False
872931,0,BJ,False
872925,0,BJ,False
872895,0,BJ,False
872808,0,BJ,False
872541,0,BJ,False
872392,0,BJ,False
872374,0,BJ,False
872351,0,BJ,False
872190,0,BJ,False
871981,0,BJ,False
871970,0,BJ,False
871857,0,BJ,False
871753,0,BJ,False
871694,0,BJ,False
871642,0,BJ,False
871634,0,BJ,False
871553,0,BJ,False
871478,0,BJ,False
871396,0,BJ,False
871263,0,BJ,False
871245,0,BJ,False
870976,0,BJ,False
870866,0,BJ,False
870726,0,BJ,False
870656,0,BJ,False
870508,0,BJ,False
870436,0,BJ,False
870357,0,BJ,False
870299,0,BJ,False
870204,0,BJ,False
870199,0,BJ,False
839946,0,BJ,False
839792,0,BJ,False
839790,0,BJ,False
839729,0,BJ,False
839725,0,BJ,False
839719,0,BJ,False
839680,0,BJ,False
839493,0,BJ,False
839371,0,BJ,False
839273,0,BJ,False
838971,0,BJ,False
838924,0,BJ,False
838837,0,BJ,False
838810,0,BJ,False
838701,0,BJ,False
838670,0,BJ,False
838402,0,BJ,False
838275,0,BJ,False
838262,0,BJ,False
838227,0,BJ,False
838171,0,BJ,False
838163,0,BJ,False
838030,0,BJ,False
837821,0,BJ,False
837748,0,BJ,False
837663,0,BJ,False
837592,0,BJ,False
837403,0,BJ,False
837344,0,BJ,False
837242,0,BJ,False
837212,0,BJ,False
837174,0,BJ,False
837092,0,BJ,False
837046,0,BJ,False
837023,0,BJ,False
837006,0,BJ,False
836961,0,BJ,False
836957,0,BJ,False
836942,0,BJ,False
836892,0,BJ,False
836871,0,BJ,False
836826,0,BJ,False
836807,0,BJ,False
836720,0,BJ,False
836717,0,BJ,False
836699,0,BJ,False
836675,0,BJ,False
836547,0,BJ,False
836504,0,BJ,False
836433,0,BJ,False
836422,0,BJ,False
836419,0,BJ,False
836414,0,BJ,False
836395,0,BJ,False
836270,0,BJ,False
836263,0,BJ,False
836260,0,BJ,False
836247,0,BJ,False
836239,0,BJ,False
836221,0,BJ,False
836208,0,BJ,False
836149,0,BJ,False
836077,0,BJ,False
835985,0,BJ,False
835892,0,BJ,False
835857,0,BJ,False
835670,0,BJ,False
835640,0,BJ,False
835579,0,BJ,False
835508,0,BJ,False
835438,0,BJ,False
835368,0,BJ,False
835305,0,BJ,False
835237,0,BJ,False
835207,0,BJ,False
835185,0,BJ,False
835184,0,BJ,False
835179,0,BJ,False
835174,0,BJ,False
834950,0,BJ,False
834770,0,BJ,False
834765,0,BJ,False
834639,0,BJ,False
834599,0,BJ,False
834475,0,BJ,False
834415,0,BJ,False
834407,0,BJ,False
834261,0,BJ,False
834062,0,BJ,False
834058,0,BJ,False
834033,0,BJ,False
834021,0,BJ,False
834014,0,BJ,False
833994,0,BJ,False
833943,0,BJ,False
833914,0,BJ,False
833874,0,BJ,False
833873,0,BJ,False
833781,0,BJ,False
833751,0,BJ,False
833580,0,BJ,False
833575,0,BJ,False
833533,0,BJ,False
833523,0,BJ,False
833509,0,BJ,False
833455,0,BJ,False
833454,0,BJ,False
833429,0,BJ,False
833427,0,BJ,False
833394,0,BJ,False
833346,0,BJ,False
833284,0,BJ,False
833266,0,BJ,False
833230,0,BJ,False
833171,0,BJ,False
833075,0,BJ,False
833030,0,BJ,False
832982,0,BJ,False
832978,0,BJ,False
832885,0,BJ,False
832876,0,BJ,False
832802,0,BJ,False
832786,0,BJ,False
832735,0,BJ,False
832662,0,BJ,False
832651,0,BJ,False
832566,0,BJ,False
832522,0,BJ,False
832491,0,BJ,False
832471,0,BJ,False
832469,0,BJ,False
832419,0,BJ,False
832317,0,BJ,False
832278,0,BJ,False
832225,0,BJ,False
832175,0,BJ,False
832171,0,BJ,False
832149,0,BJ,False
832145,0,BJ,False
832110,0,BJ,False
832089,0,BJ,False
832023,0,BJ,False
832000,0,BJ,False
831961,0,BJ,False
831906,0,BJ,False
831856,0,BJ,False
831855,0,BJ,False
831834,0,BJ,False
831832,0,BJ,False
831768,0,BJ,False
831726,0,BJ,False
831689,0,BJ,False
831641,0,BJ,False
831627,0,BJ,False
831526,0,BJ,False
831396,0,BJ,False
831370,0,BJ,False
831305,0,BJ,False
831304,0,BJ,False
831278,0,BJ,False
831195,0,BJ,False
831175,0,BJ,False
831167,0,BJ,False
831152,0,BJ,False
831087,0,BJ,False
831039,0,BJ,False
831010,0,BJ,False
830974,0,BJ,False
830964,0,BJ,False
830946,0,BJ,False
830896,0,BJ,False
830879,0,BJ,False
830839,0,BJ,False
830832,0,BJ,False
830809,0,BJ,False
830779,0,BJ,False
430718,0,BJ,False
430685,0,BJ,False
430564,0,BJ,False
430556,0,BJ,False
430510,0,BJ,False
430478,0,BJ,False
430476,0,BJ,False
430425,0,BJ,False
430418,0,BJ,False
430300,0,BJ,False
430198,0,BJ,False
430139,0,BJ,False
430090,0,BJ,False
430047,0,BJ,False
430017,0,BJ,False
